"Time (s)","Latitude (°)","Longitude (°)","Height (m)","Velocity (m/s)","Direction (°)","Horizontal Accuracy (m)","Vertical Accuracy (m)"
4.929281535E1,5.231222000E1,4.946998333E0,-1.123133652E2,0.000000000E0,0.000000000E0,8.800000191E0,2.158000031E2
5.029281535E1,5.231214667E1,4.947105000E0,-8.541340900E1,0.000000000E0,0.000000000E0,7.300000191E0,1.833999939E2
5.129281535E1,5.231214667E1,4.947150000E0,-7.771338346E1,0.000000000E0,0.000000000E0,6.699999809E0,1.728000031E2
5.229281535E1,5.231215000E1,4.947168333E0,-7.191336831E1,0.000000000E0,0.000000000E0,6.000000000E0,1.513999939E2
5.329281535E1,5.231215167E1,4.947190000E0,-6.841335363E1,0.000000000E0,0.000000000E0,5.599999905E0,1.408000031E2
5.429281535E1,5.231215333E1,4.947235000E0,-5.491332572E1,0.000000000E0,0.000000000E0,5.300000191E0,1.235999985E2
5.529281535E1,5.231216167E1,4.947253333E0,-4.431330345E1,0.000000000E0,0.000000000E0,5.099999905E0,1.183000031E2
5.629281535E1,5.231217000E1,4.947250000E0,-3.651329348E1,0.000000000E0,0.000000000E0,5.000000000E0,1.161999969E2
5.729281535E1,5.231217667E1,4.947241667E0,-3.341328872E1,0.000000000E0,0.000000000E0,5.000000000E0,1.149000015E2
5.829281535E1,5.231217667E1,4.947233333E0,-3.211329345E1,0.000000000E0,0.000000000E0,5.000000000E0,1.133000031E2
5.929281535E1,5.231218167E1,4.947225000E0,-3.071329107E1,0.000000000E0,0.000000000E0,5.000000000E0,1.126999969E2
6.029281535E1,5.231216833E1,4.947228333E0,-2.811330815E1,0.000000000E0,0.000000000E0,4.900000095E0,1.110999985E2
6.129281535E1,5.231215333E1,4.947211667E0,-2.731333896E1,0.000000000E0,0.000000000E0,4.800000191E0,1.100999985E2
6.229281535E1,5.231215167E1,4.947190000E0,-2.631335363E1,0.000000000E0,0.000000000E0,4.800000191E0,1.095000000E2
6.329281535E1,5.231215000E1,4.947160000E0,-2.791337304E1,0.000000000E0,0.000000000E0,4.699999809E0,1.086999969E2
6.429281535E1,5.231216167E1,4.947155000E0,-2.711335927E1,0.000000000E0,0.000000000E0,4.699999809E0,1.080999985E2
6.529281535E1,5.231217500E1,4.947155000E0,-2.611334030E1,0.000000000E0,0.000000000E0,4.699999809E0,1.076999969E2
6.629281535E1,5.231219333E1,4.947160000E0,-2.481331136E1,0.000000000E0,0.000000000E0,4.599999905E0,1.053000031E2
6.729281535E1,5.231221000E1,4.947168333E0,-2.371328291E1,0.000000000E0,0.000000000E0,4.599999905E0,1.035000000E2
6.829281535E1,5.231221167E1,4.947168333E0,-2.311328054E1,0.000000000E0,0.000000000E0,4.599999905E0,1.031999969E2
6.929281535E1,5.231221167E1,4.947146667E0,-2.251329284E1,0.000000000E0,0.000000000E0,4.599999905E0,1.015000000E2
7.029281535E1,5.231219167E1,4.947135000E0,-1.891332793E1,0.000000000E0,0.000000000E0,4.599999905E0,9.650000000E1
7.129281535E1,5.231218500E1,4.947130000E0,-1.441334026E1,0.000000000E0,0.000000000E0,4.599999905E0,9.669999695E1
7.229281535E1,5.231218000E1,4.947125000E0,-1.051335021E1,0.000000000E0,0.000000000E0,4.599999905E0,9.700000000E1
7.329281535E1,5.231218333E1,4.947128333E0,-6.613343573E0,0.000000000E0,0.000000000E0,4.599999905E0,9.719999695E1
7.429281535E1,5.231219667E1,4.947123333E0,-6.013327435E0,0.000000000E0,0.000000000E0,4.599999905E0,9.719999695E1
7.529281535E1,5.231220833E1,4.947108333E0,-6.013319347E0,0.000000000E0,0.000000000E0,4.599999905E0,9.730000305E1
7.629281535E1,5.231221667E1,4.947093333E0,-7.413316002E0,0.000000000E0,0.000000000E0,4.599999905E0,9.759999847E1
7.729281535E1,5.231222500E1,4.947080000E0,-8.313311711E0,0.000000000E0,0.000000000E0,4.599999905E0,9.800000000E1
7.829281535E1,5.231222667E1,4.947065000E0,-8.213317855E0,0.000000000E0,0.000000000E0,4.500000000E0,9.840000153E1
7.929281535E1,5.231223667E1,4.947048333E0,-8.913313084E0,0.000000000E0,0.000000000E0,4.500000000E0,9.880000305E1
8.029281535E1,5.231224500E1,4.947043333E0,-8.513304063E0,0.000000000E0,0.000000000E0,4.500000000E0,9.909999847E1
8.129281535E1,5.231225500E1,4.947038333E0,-7.613292669E0,0.000000000E0,0.000000000E0,4.500000000E0,9.750000000E1
8.229281535E1,5.231225500E1,4.947030000E0,-6.413297400E0,0.000000000E0,0.000000000E0,4.400000095E0,9.769999695E1
8.329281535E1,5.231225833E1,4.947026667E0,-5.013294548E0,0.000000000E0,0.000000000E0,4.500000000E0,9.800000000E1
8.429281535E1,5.231227167E1,4.947020000E0,-3.813279357E0,0.000000000E0,0.000000000E0,4.500000000E0,9.590000153E1
8.529281535E1,5.231227833E1,4.947015000E0,-2.213272708E0,0.000000000E0,0.000000000E0,4.500000000E0,9.500000000E1
8.629281535E1,5.231228167E1,4.946978333E0,-1.213288780E0,0.000000000E0,0.000000000E0,4.500000000E0,9.419999695E1
8.729281535E1,5.231227500E1,4.946946667E0,-1.413316245E0,0.000000000E0,0.000000000E0,4.500000000E0,9.450000000E1
8.829281535E1,5.231227167E1,4.946896667E0,-1.513349374E0,0.000000000E0,0.000000000E0,4.500000000E0,9.490000153E1
8.929281535E1,5.231227833E1,4.946856667E0,-5.133625944E-1,0.000000000E0,0.000000000E0,4.500000000E0,9.509999847E1
9.029281535E1,5.231228667E1,4.946840000E0,-1.133601965E-1,0.000000000E0,0.000000000E0,4.500000000E0,9.109999847E1
9.129281535E1,5.231229167E1,4.946790000E0,8.661853393E-2,0.000000000E0,0.000000000E0,4.500000000E0,9.130000305E1
9.229281535E1,5.231229833E1,4.946780000E0,-1.133776555E-1,0.000000000E0,0.000000000E0,4.599999905E0,8.650000000E1
9.329281535E1,5.231229667E1,4.946745000E0,-1.339989723E-2,0.000000000E0,0.000000000E0,4.599999905E0,8.480000305E1
9.429281535E1,5.231230500E1,4.946735000E0,-4.133937149E-1,0.000000000E0,0.000000000E0,4.599999905E0,8.630000305E1
9.529281535E1,5.231230500E1,4.946735000E0,-4.133937149E-1,0.000000000E0,0.000000000E0,4.599999905E0,6.100000000E1
9.629281535E1,5.231232000E1,4.946648333E0,-4.513421570E0,0.000000000E0,0.000000000E0,4.599999905E0,6.159999847E1
9.729281535E1,5.231231667E1,4.946626667E0,-4.913438614E0,0.000000000E0,0.000000000E0,4.599999905E0,6.150000000E1
9.829281535E1,5.231232667E1,4.946615000E0,-5.213431006E0,0.000000000E0,0.000000000E0,4.699999809E0,6.100000000E1
9.929281535E1,5.231233000E1,4.946605000E0,-5.413431940E0,0.000000000E0,0.000000000E0,4.699999809E0,6.179999924E1
1.002928154E2,5.231233833E1,4.946566667E0,-5.313441843E0,0.000000000E0,0.000000000E0,4.699999809E0,6.279999924E1
1.012928154E2,5.231235000E1,4.946561667E0,-4.613428079E0,0.000000000E0,7.348000336E1,4.699999809E0,6.070000076E1
1.022928154E2,5.231234167E1,4.946501667E0,-4.113474001E0,0.000000000E0,2.928699951E2,4.599999905E0,6.000000000E1
1.032928154E2,5.231235500E1,4.946493333E0,-3.913459757E0,0.000000000E0,2.927699890E2,4.599999905E0,6.029999924E1
1.042928154E2,5.231235500E1,4.946493333E0,-3.913459757E0,0.000000000E0,2.927699890E2,4.500000000E0,5.720000076E1
1.052928154E2,5.231235500E1,4.946493333E0,-3.913459757E0,0.000000000E0,2.927699890E2,4.400000095E0,4.909999847E1
1.062928154E2,5.231235500E1,4.946493333E0,-3.913459757E0,0.000000000E0,3.035700073E2,4.300000191E0,4.870000076E1
1.072928154E2,5.231235500E1,4.946493333E0,-3.913459757E0,0.000000000E0,3.035700073E2,4.300000191E0,4.779999924E1
1.082928154E2,5.231239500E1,4.946386667E0,-8.134633916E-1,0.000000000E0,3.035700073E2,4.199999809E0,4.809999847E1
1.092928154E2,5.231239167E1,4.946378333E0,-1.013472866E0,0.000000000E0,3.035700073E2,4.199999809E0,4.490000153E1
1.102928154E2,5.231238000E1,4.946350000E0,-1.013505554E0,0.000000000E0,3.035700073E2,4.199999809E0,4.509999847E1
1.112928154E2,5.231235833E1,4.946295000E0,-2.213567612E0,0.000000000E0,3.035700073E2,4.099999905E0,4.290000153E1
1.122928154E2,5.231233500E1,4.946276667E0,-2.113611224E0,0.000000000E0,3.035700073E2,4.099999905E0,4.329999924E1
1.132928154E2,5.231232667E1,4.946260000E0,-3.013632545E0,0.000000000E0,3.035700073E2,4.099999905E0,4.370000076E1
1.142928154E2,5.231232667E1,4.946248333E0,-2.913639168E0,0.000000000E0,3.035700073E2,4.199999809E0,4.420000076E1
1.152928154E2,5.231232667E1,4.946225000E0,-2.813652415E0,0.000000000E0,3.035700073E2,4.199999809E0,4.470000076E1
1.162928154E2,5.231231667E1,4.946203333E0,-2.913678946E0,0.000000000E0,3.035700073E2,4.199999809E0,4.509999847E1
1.172928154E2,5.231231667E1,4.946191667E0,-2.813685569E0,0.000000000E0,3.035700073E2,4.199999809E0,4.559999847E1
1.182928154E2,5.231228000E1,4.946156667E0,-3.813757616E0,0.000000000E0,3.035700073E2,4.099999905E0,4.540000153E1
1.192928154E2,5.231227667E1,4.946145000E0,-3.813768983E0,0.000000000E0,3.035700073E2,4.199999809E0,4.570000076E1
1.202928154E2,5.231226167E1,4.946116667E0,-3.413806413E0,0.000000000E0,3.035700073E2,4.199999809E0,4.600000000E1
1.212928154E2,5.231225500E1,4.946100000E0,-2.913825361E0,0.000000000E0,3.035700073E2,4.099999905E0,6.819999695E1
1.222928154E2,5.231224333E1,4.946070000E0,-3.013858994E0,0.000000000E0,3.035700073E2,4.099999905E0,6.740000153E1
1.232928154E2,5.231224667E1,4.946058333E0,-3.413860874E0,0.000000000E0,3.035700073E2,4.099999905E0,6.669999695E1
1.242928154E2,5.231225500E1,4.946046667E0,-3.913855638E0,0.000000000E0,3.035700073E2,4.099999905E0,5.000000000E1
1.252928154E2,5.231226500E1,4.946033333E0,-4.913848978E0,0.000000000E0,3.035700073E2,4.099999905E0,4.929999924E1
1.262928154E2,5.231226833E1,4.946026667E0,-5.113848019E0,0.000000000E0,3.035700073E2,4.199999809E0,4.879999924E1
1.272928154E2,5.231225000E1,4.946001667E0,-5.213888300E0,0.000000000E0,3.035700073E2,4.199999809E0,4.750000000E1
1.282928154E2,5.231226000E1,4.945980000E0,-5.813886370E0,0.000000000E0,3.035700073E2,4.099999905E0,4.750000000E1
1.292928154E2,5.231226500E1,4.945963333E0,-6.213888717E0,0.000000000E0,3.035700073E2,4.099999905E0,4.750000000E1
1.302928154E2,5.231226000E1,4.945936667E0,-6.513910971E0,0.000000000E0,3.035700073E2,4.099999905E0,4.770000076E1
1.312928154E2,5.231226000E1,4.945915000E0,-6.713923271E0,0.000000000E0,3.035700073E2,4.099999905E0,4.779999924E1
1.322928154E2,5.231225333E1,4.945896667E0,-7.013943165E0,0.000000000E0,3.035700073E2,4.199999809E0,4.790000153E1
1.332928154E2,5.231226667E1,4.945891667E0,-7.113927031E0,0.000000000E0,3.035700073E2,4.199999809E0,4.820000076E1
1.342928154E2,5.231227500E1,4.945880000E0,-7.113921796E0,0.000000000E0,3.035700073E2,4.199999809E0,4.840000153E1
1.352928154E2,5.231227833E1,4.945865000E0,-7.213925568E0,0.000000000E0,3.035700073E2,4.199999809E0,4.879999924E1
1.362928154E2,5.231227500E1,4.945853333E0,-7.313936935E0,0.000000000E0,3.035700073E2,4.199999809E0,4.909999847E1
1.372928154E2,5.231227500E1,4.945838333E0,-7.213945450E0,0.000000000E0,3.035700073E2,4.199999809E0,4.890000153E1
1.382928154E2,5.231227333E1,4.945830000E0,-7.313952553E0,0.000000000E0,3.035700073E2,4.199999809E0,4.909999847E1
1.392928154E2,5.231227667E1,4.945823333E0,-7.313951594E0,0.000000000E0,3.035700073E2,4.199999809E0,4.570000076E1
1.402928154E2,5.231227500E1,4.945818333E0,-7.213956804E0,0.000000000E0,3.035700073E2,4.199999809E0,4.600000000E1
1.412928154E2,5.231228000E1,4.945803333E0,-6.713958205E0,0.000000000E0,3.035700073E2,4.199999809E0,4.609999847E1
1.422928154E2,5.231227167E1,4.945781667E0,-6.113982363E0,0.000000000E0,3.035700073E2,4.199999809E0,4.729999924E1
1.432928154E2,5.231226167E1,4.945765000E0,-5.714006054E0,0.000000000E0,3.035700073E2,4.199999809E0,4.759999847E1
1.442928154E2,5.231225333E1,4.945738333E0,-5.214033051E0,0.000000000E0,3.035700073E2,4.199999809E0,4.779999924E1
1.452928154E2,5.231224333E1,4.945723333E0,-5.114055796E0,0.000000000E0,3.035700073E2,4.199999809E0,4.829999924E1
1.462928154E2,5.231223833E1,4.945710000E0,-5.214070479E0,0.000000000E0,3.035700073E2,4.199999809E0,4.850000000E1
1.472928154E2,5.231222333E1,4.945700000E0,-5.214097500E0,0.000000000E0,3.035700073E2,4.099999905E0,4.809999847E1
1.482928154E2,5.231221667E1,4.945691667E0,-5.214111717E0,0.000000000E0,3.035700073E2,4.099999905E0,4.450000000E1
1.492928154E2,5.231221000E1,4.945681667E0,-5.214126880E0,0.000000000E0,3.035700073E2,4.099999905E0,4.479999924E1
1.502928154E2,5.231220500E1,4.945670000E0,-5.214140618E0,0.000000000E0,3.035700073E2,4.099999905E0,4.500000000E1
1.512928154E2,5.231220000E1,4.945650000E0,-5.114159086E0,0.000000000E0,3.035700073E2,4.099999905E0,4.529999924E1
1.522928154E2,5.231219333E1,4.945663333E0,-5.114161003E0,0.000000000E0,3.035700073E2,4.099999905E0,4.579999924E1
1.532928154E2,5.231218167E1,4.945656667E0,-5.414181388E0,0.000000000E0,3.035700073E2,4.099999905E0,4.459999847E1
1.542928154E2,5.231217500E1,4.945653333E0,-5.814192767E0,0.000000000E0,3.035700073E2,4.099999905E0,4.490000153E1
1.552928154E2,5.231216833E1,4.945645000E0,-6.214206984E0,0.000000000E0,3.035700073E2,4.099999905E0,4.500000000E1
1.638680976E2,5.231212000E1,4.944631667E0,-6.214850999E0,0.000000000E0,0.000000000E0,9.899999619E0,8.580000305E1
1.648680976E2,5.231211500E1,4.944610000E0,-6.114870412E0,0.000000000E0,0.000000000E0,9.399999619E0,8.550000000E1
1.658680976E2,5.231208500E1,4.944651667E0,-6.114889440E0,0.000000000E0,0.000000000E0,8.800000191E0,8.509999847E1
1.668680976E2,5.231210667E1,4.944681667E0,-6.214841585E0,0.000000000E0,0.000000000E0,7.900000095E0,8.490000153E1
1.678680976E2,5.231210667E1,4.944698333E0,-6.214832124E0,0.000000000E0,0.000000000E0,7.599999905E0,8.059999847E1
1.688680976E2,5.231213833E1,4.944716667E0,-6.214776664E0,1.683141738E-1,8.031999969E1,7.300000191E0,7.690000153E1
1.698680976E2,5.231214500E1,4.944776667E0,-6.114733118E0,2.197863907E-1,6.156999969E1,7.099999905E0,7.469999695E1
1.708680976E2,5.231215833E1,4.944796667E0,-6.214702795E0,0.000000000E0,6.156999969E1,7.000000000E0,7.430000305E1
1.718680976E2,5.231227000E1,4.944828333E0,-6.214525945E0,0.000000000E0,6.156999969E1,6.400000095E0,7.500000000E1
1.728680976E2,5.231229333E1,4.944833333E0,-6.214489909E0,0.000000000E0,6.156999969E1,6.300000191E0,6.700000000E1
1.738680976E2,5.231230333E1,4.944821667E0,-6.214482305E0,0.000000000E0,6.156999969E1,6.199999809E0,6.540000153E1
1.748680976E2,5.231229167E1,4.944798333E0,-6.214512150E0,0.000000000E0,6.156999969E1,5.900000095E0,5.090000153E1
1.758680976E2,5.231229167E1,4.944800000E0,-6.214511204E0,0.000000000E0,6.156999969E1,5.699999809E0,4.909999847E1
1.768680976E2,5.231229500E1,4.944796667E0,-6.214508354E0,0.000000000E0,6.156999969E1,5.599999905E0,4.690000153E1
1.778680976E2,5.231228500E1,4.944788333E0,-6.214527312E0,0.000000000E0,6.156999969E1,5.400000095E0,4.650000000E1
1.788680976E2,5.231229333E1,4.944785000E0,-6.214517348E0,0.000000000E0,6.156999969E1,5.300000191E0,4.659999847E1
1.798680976E2,5.231229667E1,4.944783333E0,-6.214513552E0,0.000000000E0,6.156999969E1,5.300000191E0,4.700000000E1
1.808680976E2,5.231230667E1,4.944786667E0,-6.214497432E0,0.000000000E0,6.156999969E1,5.099999905E0,4.750000000E1
1.818680976E2,5.231247000E1,4.945016667E0,-6.214134471E0,0.000000000E0,6.156999969E1,1.169999981E1,4.829999924E1
1.832060976E2,5.231235333E1,4.945000000E0,-6.114309924E0,0.000000000E0,6.156999969E1,9.199999809E0,4.659999847E1
1.842060976E2,5.231233500E1,4.945000000E0,-6.114336009E0,0.000000000E0,6.156999969E1,8.100000381E0,4.500000000E1
1.852060976E2,5.231233000E1,4.945026667E0,-6.114327984E0,0.000000000E0,6.156999969E1,7.400000095E0,4.009999847E1
1.862060976E2,5.231235000E1,4.945035000E0,-6.114294797E0,0.000000000E0,6.156999969E1,6.699999809E0,4.000000000E1
1.872060976E2,5.231233500E1,4.945048333E0,-6.114308569E0,0.000000000E0,6.156999969E1,6.400000095E0,3.920000076E1
1.882060976E2,5.231236500E1,4.945070000E0,-6.114253585E0,0.000000000E0,6.156999969E1,6.199999809E0,3.979999924E1
1.892060976E2,5.231237167E1,4.945088333E0,-6.114233691E0,0.000000000E0,6.156999969E1,6.099999905E0,4.050000000E1
1.902060976E2,5.231236833E1,4.945095000E0,-6.114234649E0,0.000000000E0,6.156999969E1,6.000000000E0,4.150000000E1
1.912060976E2,5.231236167E1,4.945105000E0,-6.014238457E0,0.000000000E0,6.156999969E1,5.900000095E0,4.250000000E1
1.922060976E2,5.231236000E1,4.945201667E0,-6.014185949E0,0.000000000E0,6.156999969E1,5.699999809E0,4.350000000E1
1.932060976E2,5.231235333E1,4.945208333E0,-6.014191649E0,0.000000000E0,6.156999969E1,5.599999905E0,4.479999924E1
1.942060976E2,5.231234667E1,4.945225000E0,-5.914191673E0,0.000000000E0,6.156999969E1,5.500000000E0,4.609999847E1
1.952060976E2,5.231233500E1,4.945241667E0,-5.914198811E0,0.000000000E0,6.156999969E1,5.400000095E0,4.600000000E1
1.962060976E2,5.231232667E1,4.945301667E0,-5.914176605E0,0.000000000E0,6.156999969E1,5.199999809E0,4.720000076E1
1.972060976E2,5.231231667E1,4.945311667E0,-5.914185156E0,0.000000000E0,6.156999969E1,5.099999905E0,4.750000000E1
1.982060976E2,5.231229167E1,4.945313333E0,-5.914219781E0,0.000000000E0,6.156999969E1,5.000000000E0,4.620000076E1
1.992060976E2,5.231227167E1,4.945328333E0,-5.914239722E0,0.000000000E0,6.156999969E1,4.900000095E0,4.620000076E1
2.002060976E2,5.231225500E1,4.945371667E0,-5.914238836E0,0.000000000E0,6.156999969E1,4.800000191E0,4.609999847E1
2.012060976E2,5.231223333E1,4.945400000E0,-5.914253580E0,0.000000000E0,6.156999969E1,4.699999809E0,4.609999847E1
2.022060976E2,5.231221500E1,4.945423333E0,-5.814266419E0,0.000000000E0,6.156999969E1,4.699999809E0,4.670000076E1
2.032060976E2,5.231220500E1,4.945443333E0,-5.814269294E0,0.000000000E0,6.156999969E1,4.599999905E0,4.740000153E1
2.042060976E2,5.231220167E1,4.945456667E0,-5.714266468E0,0.000000000E0,6.156999969E1,4.599999905E0,3.990000153E1
2.052060976E2,5.231217833E1,4.945496667E0,-5.614276961E0,0.000000000E0,6.156999969E1,4.599999905E0,4.020000076E1
2.062060976E2,5.231215500E1,4.945561667E0,-5.514273262E0,0.000000000E0,6.156999969E1,4.599999905E0,4.170000076E1
2.072060976E2,5.231215833E1,4.945573333E0,-5.514261896E0,0.000000000E0,6.156999969E1,4.599999905E0,4.240000153E1
2.082060976E2,5.231215833E1,4.945580000E0,-5.514258112E0,0.000000000E0,6.156999969E1,4.599999905E0,4.329999924E1
2.092060976E2,5.231215500E1,4.945588333E0,-5.414258124E0,0.000000000E0,6.156999969E1,4.500000000E0,4.390000153E1
2.102060976E2,5.231214833E1,4.945596667E0,-5.414262880E0,0.000000000E0,6.156999969E1,4.500000000E0,4.390000153E1
2.112060976E2,5.231214833E1,4.945608333E0,-5.414256257E0,5.116338730E-1,1.049700012E2,4.400000095E0,4.490000153E1
2.122060976E2,5.231214833E1,4.945615000E0,-5.414252472E0,4.647941589E-1,8.997000122E1,4.400000095E0,4.609999847E1
2.132060976E2,5.231215333E1,4.945626667E0,-5.314238735E0,0.000000000E0,8.997000122E1,4.400000095E0,4.659999847E1
2.142060976E2,5.231215833E1,4.945633333E0,-5.314227836E0,0.000000000E0,8.997000122E1,4.300000191E0,4.770000076E1
2.152060976E2,5.231215333E1,4.945640000E0,-5.314231166E0,0.000000000E0,8.997000122E1,4.300000191E0,4.879999924E1
2.162060976E2,5.231215333E1,4.945648333E0,-5.314226435E0,0.000000000E0,8.997000122E1,4.300000191E0,4.559999847E1
2.172060976E2,5.231216333E1,4.945663333E0,-5.314203691E0,0.000000000E0,8.997000122E1,4.300000191E0,4.590000153E1
2.182060976E2,5.231216000E1,4.945653333E0,-5.314214111E0,0.000000000E0,8.997000122E1,4.199999809E0,4.579999924E1
2.192060976E2,5.231216000E1,4.945653333E0,-5.314214111E0,0.000000000E0,8.997000122E1,4.199999809E0,4.640000153E1
2.202060976E2,5.231216000E1,4.945653333E0,-5.314214111E0,0.000000000E0,8.997000122E1,4.199999809E0,4.709999847E1
2.212060976E2,5.231216000E1,4.945653333E0,-5.314214111E0,0.000000000E0,8.997000122E1,4.199999809E0,4.720000076E1
2.222060976E2,5.231216000E1,4.945653333E0,-5.314214111E0,0.000000000E0,8.997000122E1,4.199999809E0,4.779999924E1
2.232060976E2,5.231216000E1,4.945653333E0,-5.314214111E0,0.000000000E0,8.997000122E1,4.099999905E0,4.809999847E1
2.242060976E2,5.231211167E1,4.945728333E0,-5.114240309E0,0.000000000E0,8.997000122E1,4.199999809E0,4.700000000E1
2.252060976E2,5.231211167E1,4.945750000E0,-5.114228010E0,0.000000000E0,8.997000122E1,4.199999809E0,4.609999847E1
2.262060976E2,5.231210667E1,4.945775000E0,-5.014220933E0,0.000000000E0,8.997000122E1,4.199999809E0,4.640000153E1
2.272060976E2,5.231208333E1,4.945811667E0,-4.914233320E0,0.000000000E0,8.997000122E1,4.099999905E0,4.640000153E1
2.282060976E2,5.231209667E1,4.945855000E0,-4.714189749E0,0.000000000E0,8.997000122E1,4.099999905E0,4.670000076E1
2.292060976E2,5.231208333E1,4.945891667E0,-4.514187907E0,6.485499740E-1,9.455000305E1,4.099999905E0,4.490000153E1
2.302060976E2,5.231208167E1,4.945901667E0,-4.514184602E0,0.000000000E0,9.455000305E1,4.099999905E0,4.540000153E1
2.312060976E2,5.231207000E1,4.945918333E0,-4.414191742E0,0.000000000E0,9.455000305E1,4.099999905E0,4.600000000E1
2.322060976E2,5.231206500E1,4.945931667E0,-4.414191288E0,0.000000000E0,9.455000305E1,4.099999905E0,4.529999924E1
2.332060976E2,5.231206833E1,4.945943333E0,-4.414179922E0,0.000000000E0,9.455000305E1,4.099999905E0,4.579999924E1
2.342060976E2,5.231207000E1,4.945951667E0,-4.514172820E0,0.000000000E0,9.455000305E1,4.099999905E0,4.559999847E1
2.352060976E2,5.231207500E1,4.945978333E0,-4.414150568E0,0.000000000E0,9.455000305E1,4.099999905E0,4.609999847E1
2.362060976E2,5.231206833E1,4.945986667E0,-4.314155324E0,0.000000000E0,9.455000305E1,4.099999905E0,4.640000153E1
2.372060976E2,5.231206333E1,4.945991667E0,-4.414159600E0,0.000000000E0,9.455000305E1,4.099999905E0,4.679999924E1
2.382060976E2,5.231206000E1,4.946001667E0,-4.414158667E0,0.000000000E0,9.455000305E1,4.199999809E0,4.740000153E1
2.392060976E2,5.231218000E1,4.946181667E0,-4.413885725E0,0.000000000E0,9.455000305E1,4.000000000E0,4.170000076E1
2.402060976E2,5.231223833E1,4.946280000E0,-4.413746892E0,0.000000000E0,9.455000305E1,3.900000095E0,4.159999847E1
2.412060976E2,5.231224167E1,4.946301667E0,-4.413729849E0,0.000000000E0,9.455000305E1,3.900000095E0,4.170000076E1
2.422060976E2,5.231224333E1,4.946315000E0,-4.413719908E0,0.000000000E0,9.455000305E1,3.900000095E0,4.229999924E1
2.432060976E2,5.231225333E1,4.946341667E0,-4.413690539E0,0.000000000E0,9.455000305E1,3.900000095E0,4.279999924E1
2.442060976E2,5.231227333E1,4.946378333E0,-4.413641262E0,0.000000000E0,9.455000305E1,3.900000095E0,4.329999924E1
2.452060976E2,5.231227333E1,4.946393333E0,-4.413632746E0,0.000000000E0,9.455000305E1,3.900000095E0,4.409999847E1
2.462060976E2,5.231231833E1,4.946455000E0,-4.413533699E0,0.000000000E0,9.455000305E1,3.900000095E0,4.450000000E1
2.472060976E2,5.231231833E1,4.946470000E0,-4.413525184E0,0.000000000E0,9.455000305E1,3.900000095E0,4.529999924E1
2.482060976E2,5.231231833E1,4.946468333E0,-4.313526130E0,0.000000000E0,9.455000305E1,3.900000095E0,4.629999924E1
2.492060976E2,5.231232167E1,4.946485000E0,-4.313511924E0,0.000000000E0,9.455000305E1,3.900000095E0,4.540000153E1
2.502060976E2,5.231233000E1,4.946508333E0,-4.313486819E0,0.000000000E0,9.455000305E1,3.900000095E0,4.340000153E1
2.512060976E2,5.231233500E1,4.946521667E0,-4.213472134E0,0.000000000E0,9.455000305E1,3.900000095E0,4.329999924E1
2.522060976E2,5.231233000E1,4.946540000E0,-4.413468841E0,0.000000000E0,9.455000305E1,3.900000095E0,3.940000153E1
2.532060976E2,5.231233667E1,4.946558333E0,-4.113448946E0,0.000000000E0,9.455000305E1,3.799999952E0,3.940000153E1
2.542060976E2,5.231233833E1,4.946565000E0,-4.113442789E0,0.000000000E0,9.455000305E1,3.799999952E0,4.009999847E1
2.552060976E2,5.231234167E1,4.946570000E0,-4.113435207E0,0.000000000E0,9.455000305E1,3.799999952E0,4.070000076E1
2.562060976E2,5.231235167E1,4.946591667E0,-4.113408675E0,0.000000000E0,9.455000305E1,3.799999952E0,4.140000153E1
2.572060976E2,5.231235167E1,4.946600000E0,-4.113403944E0,0.000000000E0,9.455000305E1,3.799999952E0,4.229999924E1
2.582060976E2,5.231235333E1,4.946610000E0,-4.113395895E0,0.000000000E0,9.455000305E1,3.799999952E0,4.329999924E1
2.592060976E2,5.231235333E1,4.946610000E0,-4.113395895E0,0.000000000E0,9.455000305E1,3.799999952E0,4.409999847E1
2.602060976E2,5.231235333E1,4.946610000E0,-4.113395895E0,0.000000000E0,9.455000305E1,3.799999952E0,4.340000153E1
2.612060976E2,5.231235333E1,4.946610000E0,-4.113395895E0,0.000000000E0,9.455000305E1,3.799999952E0,4.440000153E1
2.622060976E2,5.231235333E1,4.946610000E0,-4.113395895E0,0.000000000E0,9.455000305E1,3.799999952E0,4.540000153E1
2.632060976E2,5.231235333E1,4.946610000E0,-4.113395895E0,0.000000000E0,9.455000305E1,3.900000095E0,4.629999924E1
2.642060976E2,5.231235333E1,4.946610000E0,-4.113395895E0,0.000000000E0,9.455000305E1,3.900000095E0,4.600000000E1
2.652060976E2,5.231235333E1,4.946610000E0,-4.113395895E0,0.000000000E0,9.455000305E1,3.900000095E0,4.579999924E1
2.662060976E2,5.231235333E1,4.946610000E0,-4.113395895E0,0.000000000E0,9.455000305E1,3.900000095E0,4.659999847E1
2.672060976E2,5.231237833E1,4.946773333E0,-4.013267589E0,2.419194430E-1,2.564999962E1,3.900000095E0,4.750000000E1
2.682060976E2,5.231239333E1,4.946836667E0,-4.113210286E0,0.000000000E0,2.562999916E1,3.900000095E0,4.779999924E1
2.692060976E2,5.231239667E1,4.946863333E0,-4.113190402E0,0.000000000E0,3.236999893E1,3.900000095E0,4.870000076E1
2.702060976E2,5.231238000E1,4.946910000E0,-4.413187628E0,0.000000000E0,4.922000122E1,3.900000095E0,4.970000076E1
2.712060976E2,5.231238000E1,4.946910000E0,-4.413187628E0,0.000000000E0,4.922000122E1,3.900000095E0,4.859999847E1
2.722060976E2,5.231238000E1,4.946910000E0,-4.413187628E0,0.000000000E0,4.922000122E1,3.900000095E0,4.600000000E1
2.732060976E2,5.231232167E1,4.947103333E0,-4.913160888E0,2.589052916E-1,9.137000275E1,3.900000095E0,4.670000076E1
2.742060976E2,5.231229833E1,4.947181667E0,-5.313149626E0,0.000000000E0,1.105199966E2,3.799999952E0,4.759999847E1
2.752060976E2,5.231228167E1,4.947238333E0,-5.513141176E0,0.000000000E0,1.276900024E2,3.799999952E0,4.840000153E1
2.762060976E2,5.231227333E1,4.947253333E0,-5.613144521E0,3.896447122E-1,1.367200012E2,3.900000095E0,4.940000153E1
2.772060976E2,5.231226667E1,4.947280000E0,-5.713138871E0,4.375138879E-1,1.311900024E2,3.900000095E0,5.050000000E1
2.782060976E2,5.231227167E1,4.947308333E0,-5.813115669E0,4.853830636E-1,1.354700012E2,3.900000095E0,4.929999924E1
2.792060976E2,5.231226833E1,4.947330000E0,-5.713108113E0,5.682533383E-1,1.291399994E2,3.900000095E0,5.029999924E1
2.802060976E2,5.231226000E1,4.947356667E0,-5.613104835E0,6.521530747E-1,1.351000061E2,3.900000095E0,5.140000153E1
2.812060976E2,5.231226000E1,4.947371667E0,-5.513096320E0,7.056841850E-1,1.480099945E2,3.900000095E0,5.259999847E1
2.822060976E2,5.231225667E1,4.947390000E0,-5.513090656E0,7.278172374E-1,1.493500061E2,3.900000095E0,5.390000153E1
2.832060976E2,5.231224833E1,4.947398333E0,-5.413097786E0,7.185522318E-1,8.620999908E1,3.900000095E0,5.070000076E1
2.842060976E2,5.231222667E1,4.947415000E0,-5.213119162E0,7.257583141E-1,2.690999985E1,3.799999952E0,5.029999924E1
2.852060976E2,5.231221667E1,4.947446667E0,-5.113115417E0,6.727419496E-1,9.733000183E1,3.799999952E0,4.620000076E1
2.862060976E2,5.231217667E1,4.947475000E0,-4.913156264E0,6.078869700E-1,3.674000168E1,3.700000048E0,4.500000000E1
2.872060976E2,5.231214000E1,4.947506667E0,-4.613190475E0,5.636208057E-1,9.359999847E1,3.599999905E0,4.520000076E1
2.882060976E2,5.231212667E1,4.947525000E0,-4.613199045E0,5.121486187E-1,1.020699997E2,3.599999905E0,4.570000076E1
2.892060976E2,5.231212000E1,4.947560000E0,-4.813188665E0,4.478083253E-1,1.267799988E2,3.599999905E0,4.459999847E1
2.902060976E2,5.231211333E1,4.947595000E0,-5.013178285E0,4.745738804E-1,1.576100006E2,3.500000000E0,4.290000153E1
2.912060976E2,5.231209167E1,4.947621667E0,-4.813193986E0,6.104605794E-1,1.555099945E2,3.500000000E0,4.320000076E1
2.922060976E2,5.231206833E1,4.947638333E0,-4.813217735E0,8.487769365E-1,1.571799927E2,3.500000000E0,4.370000076E1
2.932060976E2,5.231204500E1,4.947665000E0,-4.813235809E0,1.130844712E0,1.488600006E2,3.500000000E0,3.840000153E1
2.942060976E2,5.231202333E1,4.947686667E0,-4.813254348E0,1.321806669E0,1.511399994E2,3.500000000E0,3.879999924E1
2.952060976E2,5.231201000E1,4.947718333E0,-4.713255350E0,1.494753361E0,1.499400024E2,3.500000000E0,3.940000153E1
2.962060976E2,5.231199667E1,4.947768333E0,-4.613245946E0,1.631669402E0,1.465599976E2,3.500000000E0,4.029999924E1
2.972060976E2,5.231199167E1,4.947816667E0,-4.613225626E0,1.703215837E0,1.381399994E2,3.500000000E0,4.090000153E1
2.982060976E2,5.231199500E1,4.947831667E0,-4.713212367E0,1.716598630E0,1.219100037E2,3.500000000E0,4.170000076E1
2.992060976E2,5.231198667E1,4.947843333E0,-4.613217606E0,1.710936666E0,1.274400024E2,3.500000000E0,4.179999924E1
3.002060976E2,5.231198167E1,4.947856667E0,-4.613217154E0,1.662038088E0,1.518600006E2,3.500000000E0,4.209999847E1
3.012060976E2,5.231197667E1,4.947868333E0,-4.513217648E0,1.541593075E0,1.659100037E2,3.500000000E0,4.300000000E1
3.022060976E2,5.231197000E1,4.947875000E0,-4.513223353E0,1.346513391E0,1.731900024E2,3.500000000E0,4.190000153E1
3.032060976E2,5.231196500E1,4.947890000E0,-4.513221955E0,1.131359458E0,1.594499969E2,3.500000000E0,4.129999924E1
3.042060976E2,5.231195667E1,4.947901667E0,-4.513227194E0,9.944433570E-1,1.646100006E2,3.500000000E0,4.170000076E1
3.052060976E2,5.231194667E1,4.947921667E0,-4.513230075E0,9.218674898E-1,1.405099945E2,3.500000000E0,4.229999924E1
3.062060976E2,5.231193833E1,4.947936667E0,-4.413233422E0,8.580419421E-1,1.461900024E2,3.500000000E0,4.300000000E1
3.072060976E2,5.231192833E1,4.947956667E0,-4.413236303E0,8.683363795E-1,1.479900055E2,3.500000000E0,4.320000076E1
3.082060976E2,5.231194667E1,4.947993333E0,-4.013189394E0,8.848075271E-1,1.695500031E2,3.000000000E0,4.290000153E1
3.092060976E2,5.231194333E1,4.947998333E0,-4.113191301E0,8.765719533E-1,1.621000061E2,3.000000000E0,4.359999847E1
3.102060976E2,5.231194000E1,4.948005000E0,-4.013192261E0,8.106874824E-1,1.508899994E2,3.000000000E0,4.400000000E1
3.112060976E2,5.231194000E1,4.948010000E0,-4.013189423E0,7.329644561E-1,1.032099991E2,3.000000000E0,4.479999924E1
3.122060976E2,5.231193667E1,4.948015000E0,-3.913191330E0,6.578149796E-1,1.366399994E2,3.099999905E0,4.500000000E1
3.132060976E2,5.231193500E1,4.948026667E0,-3.913187080E0,6.027397513E-1,1.194199982E2,3.099999905E0,4.390000153E1
3.142060976E2,5.231193000E1,4.948033333E0,-3.913190412E0,5.373700261E-1,1.353000031E2,3.099999905E0,4.309999847E1
3.152060976E2,5.231192500E1,4.948040000E0,-3.913193745E0,4.756033421E-1,1.524799957E2,3.099999905E0,4.359999847E1
3.162060976E2,5.231191500E1,4.948051667E0,-3.913201357E0,4.802358449E-1,1.550000000E2,3.200000048E0,4.320000076E1
3.172060976E2,5.231190500E1,4.948060000E0,-3.913210861E0,4.786916673E-1,1.544299927E2,3.200000048E0,4.379999924E1
3.182060976E2,5.231189333E1,4.948070000E0,-4.013221791E0,5.363405347E-1,1.612799988E2,3.200000048E0,4.220000076E1
3.192060976E2,5.231189333E1,4.948108333E0,-3.813200032E0,6.413438916E-1,1.527500000E2,2.799999952E0,4.229999924E1
3.202060976E2,5.231188833E1,4.948128333E0,-3.713195796E0,7.587005496E-1,1.640899963E2,2.599999905E0,4.259999847E1
3.212060976E2,5.231187667E1,4.948133333E0,-3.713209565E0,8.472327590E-1,1.700000000E2,2.700000048E0,6.619999695E1
3.222060976E2,5.231186833E1,4.948141667E0,-3.813216696E0,9.033374786E-1,1.680099945E2,2.700000048E0,6.509999847E1
3.232060976E2,5.231186167E1,4.948151667E0,-3.713220510E0,9.033374786E-1,1.531000061E2,2.700000048E0,6.559999847E1
3.242060976E2,5.231185333E1,4.948161667E0,-3.713226695E0,9.393680692E-1,1.564499969E2,2.799999952E0,6.640000153E1
3.252060976E2,5.231184833E1,4.948175000E0,-3.713226244E0,9.666483402E-1,1.552299957E2,2.599999905E0,6.730000305E1
3.262060976E2,5.231184167E1,4.948186667E0,-3.713229111E0,1.004737735E0,1.560800018E2,2.500000000E0,6.819999695E1
3.272060976E2,5.231182667E1,4.948198333E0,-3.713243841E0,1.042827249E0,1.569600067E2,2.599999905E0,6.909999847E1
3.282060976E2,5.231180167E1,4.948215000E0,-3.713269966E0,1.156066060E0,1.573999939E2,2.599999905E0,7.019999695E1
3.292060976E2,5.231178000E1,4.948233333E0,-3.713290402E0,1.234303832E0,1.549700012E2,2.700000048E0,6.700000000E1
3.302060976E2,5.231176333E1,4.948248333E0,-3.713305612E0,1.277540565E0,1.562599945E2,2.700000048E0,6.750000000E1
3.312060976E2,5.231174500E1,4.948265000E0,-3.713322248E0,1.366072774E0,1.534799957E2,2.700000048E0,6.600000000E1
3.322060976E2,5.231173000E1,4.948273333E0,-3.713338870E0,1.444310546E0,1.615500031E2,2.799999952E0,6.590000153E1
3.332060976E2,5.231171500E1,4.948281667E0,-3.713355492E0,1.522033572E0,1.500599976E2,2.799999952E0,6.220000076E1
3.342060976E2,5.231170833E1,4.948286667E0,-3.713362143E0,1.511739135E0,1.540099945E2,2.900000095E0,6.270000076E1
3.352060976E2,5.231169833E1,4.948293333E0,-3.713372594E0,1.493723869E0,1.554299927E2,2.900000095E0,6.320000076E1
3.362060976E2,5.231168667E1,4.948298333E0,-3.713386363E0,1.433501363E0,1.595800018E2,2.900000095E0,6.309999847E1
3.372060976E2,5.231167500E1,4.948315000E0,-3.813393510E0,1.393353105E0,1.437200012E2,2.900000095E0,6.190000153E1
3.382060976E2,5.231166333E1,4.948340000E0,-3.313395928E0,1.292467475E0,1.467100067E2,2.700000048E0,6.250000000E1
3.392060976E2,5.231164000E1,4.948341667E0,-2.313428196E0,1.198273301E0,1.410099945E2,2.500000000E0,3.029999924E1
3.402060976E2,5.231162333E1,4.948343333E0,-1.013450974E0,1.169448853E0,1.403999939E2,2.299999952E0,3.050000000E1
3.412060976E2,5.231160833E1,4.948346667E0,-1.347043426E-2,1.095843554E0,1.423600006E2,2.200000048E0,3.060000038E1
3.422060976E2,5.231159667E1,4.948348333E0,8.865139046E-1,1.089152217E0,1.586399994E2,2.200000048E0,3.089999962E1
3.432060976E2,5.231158667E1,4.948351667E0,1.586501562E0,1.091725826E0,1.579600067E2,2.200000048E0,3.139999962E1
3.442060976E2,5.231157667E1,4.948358333E0,2.286491111E0,1.120550275E0,1.562400055E2,2.200000048E0,3.179999924E1
3.452060976E2,5.231157167E1,4.948365000E0,2.986487777E0,1.105623364E0,1.381799927E2,2.200000048E0,3.209999847E1
3.462060976E2,5.231156500E1,4.948370000E0,3.986481125E0,1.075254679E0,1.598300018E2,2.099999905E0,3.160000038E1
3.472060976E2,5.231156167E1,4.948380000E0,4.786482056E0,1.009370327E0,1.411199951E2,2.000000000E0,3.179999924E1
3.482060976E2,5.231156000E1,4.948390000E0,5.686485359E0,9.280441403E-1,1.215699997E2,2.000000000E0,3.150000000E1
3.492060976E2,5.231155000E1,4.948398333E0,6.586475854E0,8.930430412E-1,1.464700012E2,2.000000000E0,3.160000038E1
3.502060976E2,5.231152667E1,4.948415000E0,7.286452099E0,8.971608281E-1,1.559499969E2,2.000000000E0,3.170000076E1
3.512060976E2,5.231149667E1,4.948430000E0,7.886417908E0,1.008340836E0,1.584400024E2,2.000000000E0,3.160000038E1
3.522060976E2,5.231148000E1,4.948450000E0,8.686405534E0,1.085549116E0,1.555700073E2,2.000000000E0,3.160000038E1
3.532060976E2,5.231146000E1,4.948463333E0,9.486384632E0,1.152977824E0,1.566000061E2,2.000000000E0,3.160000038E1
3.542060976E2,5.231145167E1,4.948480000E0,9.886382228E0,1.195184946E0,1.460399933E2,2.000000000E0,3.170000076E1
3.552060976E2,5.231143667E1,4.948488333E0,1.078636561E1,1.236877441E0,1.504799957E2,1.899999976E0,3.139999962E1
3.562060976E2,5.231142833E1,4.948505000E0,1.128636320E1,1.263128281E0,1.270500031E2,2.000000000E0,3.160000038E1
3.572060976E2,5.231142333E1,4.948516667E0,1.178636271E1,1.256436944E0,9.608000183E1,2.000000000E0,3.160000038E1
3.582060976E2,5.231142000E1,4.948520000E0,1.218635985E1,1.243054152E0,1.170100021E2,2.000000000E0,3.179999924E1
3.592060976E2,5.231142000E1,4.948535000E0,1.258636837E1,1.199302793E0,1.041999969E2,1.899999976E0,3.160000038E1
3.602060976E2,5.231142333E1,4.948558333E0,1.278638635E1,1.115403056E0,9.915000153E1,1.899999976E0,3.150000000E1
3.612060976E2,5.231142333E1,4.948580000E0,1.288639865E1,9.779722095E-1,1.028600006E2,2.000000000E0,3.160000038E1
3.622060976E2,5.231142333E1,4.948595000E0,1.318640716E1,8.250997066E-1,1.223600006E2,2.099999905E0,3.160000038E1
3.632060976E2,5.231141500E1,4.948603333E0,1.348640003E1,7.571563721E-1,1.601399994E2,2.000000000E0,3.179999924E1
3.642060976E2,5.231139833E1,4.948616667E0,1.368638387E1,7.401705384E-1,1.593300018E2,2.000000000E0,3.160000038E1
3.652060976E2,5.231138500E1,4.948618333E0,1.398636584E1,7.535533309E-1,1.805500031E2,2.099999905E0,3.170000076E1
3.662060976E2,5.231137167E1,4.948623333E0,1.418634969E1,7.731127739E-1,1.770399933E2,2.200000048E0,3.209999847E1
3.672060976E2,5.231135667E1,4.948633333E0,1.438633402E1,8.168641925E-1,1.680800018E2,2.200000048E0,3.220000076E1
3.682060976E2,5.231134500E1,4.948646667E0,1.468632497E1,8.389972448E-1,1.617400055E2,2.200000048E0,3.250000000E1
3.692060976E2,5.231133500E1,4.948663333E0,1.508632020E1,8.287028074E-1,1.726699982E2,2.200000048E0,3.300000000E1
3.702060976E2,5.231133000E1,4.948673333E0,1.518631876E1,7.834072113E-1,1.788099976E2,2.099999905E0,3.350000000E1
3.712060976E2,5.231131833E1,4.948681667E0,1.508630688E1,7.643625140E-1,1.633800049E2,2.200000048E0,3.409999847E1
3.722060976E2,5.231130500E1,4.948688333E0,1.498629168E1,7.931869626E-1,1.765399933E2,2.200000048E0,3.309999847E1
3.732060976E2,5.231128500E1,4.948703333E0,1.498627172E1,8.353941441E-1,1.622799988E2,2.200000048E0,3.329999924E1
3.742060976E2,5.231126333E1,4.948715000E0,1.518624750E1,8.966460824E-1,1.532899933E2,2.299999952E0,3.329999924E1
3.752060976E2,5.231125000E1,4.948718333E0,1.508623041E1,9.105436206E-1,1.922299957E2,2.299999952E0,3.350000000E1
3.762060976E2,5.231124833E1,4.948733333E0,1.498623655E1,8.971608281E-1,2.194100037E2,2.299999952E0,3.270000076E1
3.772060976E2,5.231124667E1,4.948753333E0,1.528624553E1,8.770866394E-1,1.802500000E2,2.299999952E0,3.270000076E1
3.782060976E2,5.231123167E1,4.948780000E0,1.528623931E1,9.357650280E-1,1.499400024E2,2.299999952E0,3.250000000E1
3.792060976E2,5.231122500E1,4.948805000E0,1.508624400E1,1.012458563E0,1.198399963E2,2.299999952E0,3.259999847E1
3.802060976E2,5.231121500E1,4.948825000E0,1.488624112E1,1.086578608E0,1.282200012E2,2.299999952E0,3.290000153E1
3.812060976E2,5.231120667E1,4.948840000E0,1.468623777E1,1.078343034E0,1.334499969E2,2.299999952E0,3.300000000E1
3.822060976E2,5.231120333E1,4.948853333E0,1.448624059E1,1.010914445E0,1.187900009E2,2.400000095E0,3.290000153E1
3.832060976E2,5.231118833E1,4.948861667E0,1.428622396E1,9.455447197E-1,1.596699982E2,2.400000095E0,3.250000000E1
3.842060976E2,5.231117000E1,4.948875000E0,1.378620543E1,8.920136094E-1,1.646499939E2,2.299999952E0,3.250000000E1
3.852060976E2,5.231115000E1,4.948890000E0,1.308618547E1,8.920136094E-1,1.593899994E2,2.299999952E0,3.250000000E1
3.862060976E2,5.231113000E1,4.948911667E0,1.248616930E1,1.008855581E0,1.328200073E2,2.200000048E0,3.240000153E1
3.872060976E2,5.231111000E1,4.948941667E0,1.188615785E1,1.161213279E0,1.388699951E2,2.200000048E0,3.160000038E1
3.882060976E2,5.231110000E1,4.948973333E0,1.138616158E1,1.250260234E0,1.312599945E2,2.099999905E0,3.139999962E1
3.892060976E2,5.231109000E1,4.949003333E0,1.098616437E1,1.294011712E0,1.206900024E2,2.000000000E0,3.150000000E1
3.902060976E2,5.231108833E1,4.949023333E0,1.038617335E1,1.313571095E0,1.126800003E2,2.000000000E0,3.139999962E1
3.912060976E2,5.231108833E1,4.949038333E0,9.886181860E0,1.394382477E0,8.791000366E1,2.000000000E0,3.150000000E1
3.922060976E2,5.231109000E1,4.949050000E0,9.386190853E0,1.476223350E0,6.993000031E1,1.899999976E0,3.170000076E1
3.932060976E2,5.231109333E1,4.949043333E0,8.386191815E0,1.471590877E0,6.245999908E1,1.899999976E0,3.179999924E1
3.942060976E2,5.231109667E1,4.949038333E0,7.586193723E0,1.409824133E0,1.410000038E1,1.799999952E0,3.160000038E1
3.952060976E2,5.231110167E1,4.949036667E0,6.786199895E0,1.352689981E0,1.970999908E1,1.799999952E0,3.160000038E1
3.962060976E2,5.231111000E1,4.949036667E0,6.186211759E0,1.226583004E0,2.311000061E1,1.700000048E0,3.150000000E1
3.972060976E2,5.231111333E1,4.949041667E0,5.486219341E0,1.069592834E0,5.815000153E1,1.700000048E0,3.160000038E1
3.982060976E2,5.231111333E1,4.949043333E0,4.886220287E0,9.043669701E-1,7.455000305E1,1.700000048E0,3.179999924E1
3.992060976E2,5.231111167E1,4.949046667E0,4.286219806E0,8.065696955E-1,1.158300018E2,1.700000048E0,3.189999962E1
4.002060976E2,5.231109833E1,4.949046667E0,3.586200825E0,8.127464056E-1,1.567799988E2,1.799999952E0,3.170000076E1
4.012060976E2,5.231107833E1,4.949056667E0,2.986178027E0,8.539241552E-1,1.605899963E2,1.799999952E0,3.160000038E1
4.022060976E2,5.231105500E1,4.949060000E0,2.486146701E0,9.651041627E-1,1.643899994E2,1.799999952E0,3.170000076E1
4.032060976E2,5.231102833E1,4.949056667E0,1.786106847E0,1.111285329E0,1.744100037E2,1.799999952E0,3.179999924E1
4.042060976E2,5.231102500E1,4.949060000E0,3.861039928E-1,1.113858938E0,2.590999985E1,1.799999952E0,3.200000000E1
4.052060976E2,5.231102500E1,4.949063333E0,-3.138941157E-1,1.099446654E0,2.326000023E1,1.700000048E0,3.170000076E1
4.062060976E2,5.231102000E1,4.949063333E0,-1.113901234E0,1.050033331E0,6.175999832E1,1.600000024E0,3.150000000E1
4.072060976E2,5.231101500E1,4.949076667E0,-9.139007858E-1,1.060327768E0,1.066500015E2,1.600000024E0,3.150000000E1
4.082060976E2,5.231100500E1,4.949088333E0,-1.413908402E0,1.161728024E0,1.325700073E2,1.600000024E0,3.150000000E1
4.092060976E2,5.231098667E1,4.949100000E0,-2.013927881E0,1.259010553E0,1.584299927E2,1.600000024E0,3.150000000E1
4.102060976E2,5.231096500E1,4.949110000E0,-2.413953052E0,1.337248325E0,1.554600067E2,1.700000048E0,3.150000000E1
4.112060976E2,5.231093833E1,4.949123333E0,-2.713983449E0,1.422177553E0,1.590200043E2,1.700000048E0,3.150000000E1
4.122060976E2,5.231091667E1,4.949135000E0,-3.214007674E0,1.422177553E0,1.547200012E2,1.600000024E0,3.160000038E1
4.132060976E2,5.231090500E1,4.949148333E0,-3.514016718E0,1.375852466E0,1.448699951E2,1.700000048E0,3.170000076E1
4.142060976E2,5.231089500E1,4.949161667E0,-3.814023388E0,1.466443658E0,1.452899933E2,1.700000048E0,3.189999962E1
4.152060976E2,5.231088833E1,4.949173333E0,-4.214026259E0,1.542622447E0,1.483600006E2,1.700000048E0,3.150000000E1
4.162060976E2,5.231088167E1,4.949185000E0,-4.614029130E0,1.648140550E0,1.457200012E2,1.799999952E0,3.170000076E1
4.172060976E2,5.231086833E1,4.949191667E0,-4.814044329E0,1.758291125E0,1.536300049E2,1.799999952E0,3.160000038E1
4.182060976E2,5.231085333E1,4.949201667E0,-4.914060010E0,1.790203929E0,1.609700012E2,1.799999952E0,3.170000076E1
4.192060976E2,5.231083667E1,4.949210000E0,-5.014079008E0,1.807704449E0,1.619400024E2,1.799999952E0,3.179999924E1
4.202060976E2,5.231082667E1,4.949221667E0,-5.214086625E0,1.738216996E0,1.645700073E2,1.799999952E0,3.160000038E1
4.212060976E2,5.231082333E1,4.949235000E0,-5.414083805E0,1.563726068E0,1.394100037E2,1.799999952E0,3.160000038E1
4.222060976E2,5.231081500E1,4.949240000E0,-5.514092832E0,1.443281054E0,1.810200043E2,1.799999952E0,3.160000038E1
4.232060976E2,5.231080500E1,4.949241667E0,-5.714106123E0,1.356293082E0,1.996300049E2,1.799999952E0,3.160000038E1
4.242060976E2,5.231079167E1,4.949246667E0,-5.914122267E0,1.327468634E0,1.922200012E2,1.700000048E0,3.160000038E1
4.252060976E2,5.231078000E1,4.949253333E0,-5.914135094E0,1.331071615E0,1.821399994E2,1.799999952E0,3.160000038E1
4.262060976E2,5.231076500E1,4.949263333E0,-6.014150775E0,1.376881957E0,1.702500000E2,1.799999952E0,3.160000038E1
4.272060976E2,5.231075000E1,4.949283333E0,-6.114160782E0,1.387691140E0,1.616300049E2,1.899999976E0,3.160000038E1
4.282060976E2,5.231073500E1,4.949301667E0,-6.314171734E0,1.405706406E0,1.556300049E2,1.799999952E0,3.139999962E1
4.292060976E2,5.231071500E1,4.949318333E0,-6.314190751E0,1.441736937E0,1.568300018E2,1.799999952E0,3.150000000E1
4.302060976E2,5.231070167E1,4.949336667E0,-6.414199331E0,1.441736937E0,1.481199951E2,1.799999952E0,3.150000000E1
4.312060976E2,5.231069500E1,4.949348333E0,-6.314202203E0,1.465414166E0,1.443800049E2,1.799999952E0,3.150000000E1
4.322060976E2,5.231068667E1,4.949356667E0,-6.314209339E0,1.449457765E0,1.423500061E2,1.799999952E0,3.150000000E1
4.332060976E2,5.231067833E1,4.949360000E0,-6.214219311E0,1.416000843E0,1.721300049E2,1.799999952E0,3.160000038E1
4.342060976E2,5.231067167E1,4.949365000E0,-6.314225965E0,1.362984419E0,1.624900055E2,1.799999952E0,5.109999847E1
4.352060976E2,5.231066333E1,4.949370000E0,-6.414234992E0,1.330556989E0,1.679799957E2,1.899999976E0,5.150000000E1
4.362060976E2,5.231065167E1,4.949371667E0,-6.514250656E0,1.272393346E0,1.636799927E2,1.899999976E0,5.140000153E1
4.372060976E2,5.231064167E1,4.949378333E0,-6.614261111E0,1.207538366E0,1.595899963E2,2.000000000E0,5.140000153E1
4.382060976E2,5.231062667E1,4.949386667E0,-6.714277738E0,1.169448853E0,1.606100006E2,2.000000000E0,5.170000076E1
4.392060976E2,5.231061333E1,4.949400000E0,-6.714289155E0,1.129815221E0,1.558600006E2,1.899999976E0,5.140000153E1
4.402060976E2,5.231060000E1,4.949411667E0,-6.714301518E0,1.151948333E0,1.567200012E2,1.899999976E0,5.179999924E1
4.412060976E2,5.231058667E1,4.949423333E0,-6.714313881E0,1.185920000E0,1.550000000E2,1.899999976E0,5.170000076E1
4.422060976E2,5.231057833E1,4.949440000E0,-6.114316289E0,1.250260234E0,1.412899933E2,1.899999976E0,5.229999924E1
4.432060976E2,5.231056833E1,4.949455000E0,-6.014322016E0,1.330556989E0,1.489700012E2,2.000000000E0,5.279999924E1
4.442060976E2,5.231055333E1,4.949466667E0,-5.914336752E0,1.375852466E0,1.512700043E2,2.000000000E0,5.290000153E1
4.452060976E2,5.231054167E1,4.949480000E0,-5.714345797E0,1.380485058E0,1.581600037E2,1.899999976E0,5.309999847E1
4.462060976E2,5.231052833E1,4.949496667E0,-5.614355324E0,1.425780535E0,1.543099976E2,1.899999976E0,5.379999924E1
4.472060976E2,5.231051333E1,4.949508333E0,-5.514370060E0,1.475708604E0,1.596799927E2,2.000000000E0,5.429999924E1
4.482060976E2,5.231049833E1,4.949523333E0,-5.314382906E0,1.495268106E0,1.596900024E2,2.000000000E0,5.470000076E1
4.492060976E2,5.231048000E1,4.949533333E0,-5.214403334E0,1.540563583E0,1.653500061E2,2.000000000E0,5.550000000E1
4.502060976E2,5.231046500E1,4.949546667E0,-5.014417125E0,1.626007557E0,1.598800049E2,2.000000000E0,5.590000153E1
4.512060976E2,5.231045000E1,4.949553333E0,-5.014434698E0,1.669758916E0,1.604100037E2,2.099999905E0,5.659999847E1
4.522060976E2,5.231044333E1,4.949563333E0,-5.014438516E0,1.659464478E0,1.567299957E2,2.099999905E0,5.740000153E1
4.532060976E2,5.231044000E1,4.949568333E0,-4.814440425E0,1.595124125E0,1.551999969E2,2.099999905E0,5.740000153E1
4.542060976E2,5.231043667E1,4.949571667E0,-4.714443280E0,1.525121927E0,1.128300018E2,2.099999905E0,5.800000000E1
4.552060976E2,5.231043167E1,4.949576667E0,-4.614447562E0,1.467473030E0,1.287899933E2,2.000000000E0,5.840000153E1
4.562060976E2,5.231042167E1,4.949581667E0,-4.514458962E0,1.370705247E0,1.414900055E2,2.000000000E0,5.870000076E1
4.572060976E2,5.231041500E1,4.949596667E0,-4.514459944E0,1.315629959E0,1.376699982E2,1.899999976E0,5.950000000E1
4.582060976E2,5.231040500E1,4.949616667E0,-4.514462835E0,1.281658292E0,1.431799927E2,2.000000000E0,6.079999924E1
4.592060976E2,5.231039333E1,4.949641667E0,-4.514465262E0,1.253348589E0,1.480000000E2,2.000000000E0,6.129999924E1
4.602060976E2,5.231037500E1,4.949675000E0,-4.514472453E0,1.243054152E0,1.420899963E2,2.000000000E0,6.150000000E1
4.612060976E2,5.231035833E1,4.949700000E0,-4.514481999E0,1.263128281E0,1.473699951E2,2.099999905E0,6.220000076E1
4.622060976E2,5.231034333E1,4.949716667E0,-4.614493900E0,1.324895024E0,1.465399933E2,2.099999905E0,6.279999924E1
4.632060976E2,5.231033500E1,4.949731667E0,-4.114497255E0,1.400559187E0,1.388800049E2,2.000000000E0,6.090000153E1
4.642060976E2,5.231032167E1,4.949736667E0,-4.014513401E0,1.482914686E0,1.447799988E2,2.000000000E0,5.490000153E1
4.652060976E2,5.231030500E1,4.949743333E0,-3.914533349E0,1.560123086E0,1.510700073E2,2.000000000E0,5.329999924E1
4.662060976E2,5.231029000E1,4.949743333E0,-3.814554705E0,1.591521144E0,1.650000000E2,2.000000000E0,5.329999924E1
4.672060976E2,5.231027333E1,4.949741667E0,-3.714579379E0,1.588432789E0,1.674900055E2,2.000000000E0,5.359999847E1
4.682060976E2,5.231026000E1,4.949741667E0,-3.614598363E0,1.581741333E0,1.606699982E2,2.000000000E0,5.429999924E1
4.692060976E2,5.231024667E1,4.949750000E0,-3.514612619E0,1.549313903E0,1.565099945E2,2.000000000E0,5.340000153E1
4.702060976E2,5.231023333E1,4.949753333E0,-3.414629711E0,1.482399940E0,1.554700012E2,2.099999905E0,5.320000076E1
4.712060976E2,5.231022000E1,4.949755000E0,-3.314647749E0,1.439678073E0,1.597700043E2,2.200000048E0,5.379999924E1
4.722060976E2,5.231020833E1,4.949756667E0,-3.214663414E0,1.412912488E0,1.592899933E2,2.200000048E0,5.450000000E1
4.732060976E2,5.231019833E1,4.949760000E0,-3.114675760E0,1.389750004E0,1.589299927E2,2.299999952E0,5.559999847E1
4.742060976E2,5.231018833E1,4.949758333E0,-3.214690943E0,1.397470832E0,1.680299988E2,2.400000095E0,5.670000076E1
4.752060976E2,5.231017333E1,4.949750000E0,-3.014717027E0,1.389235258E0,1.821799927E2,2.400000095E0,5.800000000E1
4.762060976E2,5.231015833E1,4.949745000E0,-3.014741219E0,1.378426075E0,1.858500061E2,2.400000095E0,5.929999924E1
4.772060976E2,5.231015167E1,4.949756667E0,-2.814744093E0,1.348572254E0,1.737899933E2,2.299999952E0,6.070000076E1
4.782060976E2,5.231014667E1,4.949770000E0,-2.614743648E0,1.302247167E0,1.487500000E2,2.200000048E0,6.179999924E1
4.792060976E2,5.231013667E1,4.949786667E0,-2.314748431E0,1.291952729E0,1.512599945E2,2.099999905E0,6.309999847E1
4.802060976E2,5.231012167E1,4.949811667E0,-1.914755606E0,1.349087000E0,1.532599945E2,2.099999905E0,5.929999924E1
4.812060976E2,5.231010500E1,4.949838333E0,-1.714764208E0,1.358351946E0,1.443699951E2,2.099999905E0,5.970000076E1
4.822060976E2,5.231009000E1,4.949870000E0,-1.414767602E0,1.429898381E0,1.501600037E2,2.099999905E0,5.690000153E1
4.832060976E2,5.231007333E1,4.949898333E0,-1.214775259E0,1.562696695E0,1.514900055E2,2.099999905E0,5.729999924E1
4.842060976E2,5.231005667E1,4.949930000E0,-1.114781026E0,1.674906135E0,1.507599945E2,2.000000000E0,5.709999847E1
4.852060976E2,5.231004667E1,4.949960000E0,-8.147782460E-1,1.760864735E0,1.429299927E2,2.000000000E0,5.679999924E1
4.862060976E2,5.231003667E1,4.949975000E0,-5.147839752E-1,1.837558389E0,1.569400024E2,2.000000000E0,5.700000000E1
4.872060976E2,5.231003000E1,4.949988333E0,-3.147859039E-1,1.887486339E0,1.498999939E2,2.000000000E0,6.000000000E1
4.882060976E2,5.231002333E1,4.949995000E0,-1.147916142E-1,1.920943379E0,1.546900024E2,2.099999905E0,5.940000153E1
4.892060976E2,5.231001500E1,4.949998333E0,8.519841159E-2,1.906016350E0,1.673699951E2,2.099999905E0,5.940000153E1
4.902060976E2,5.231001333E1,4.950000000E0,2.851969840E-1,1.768585563E0,1.749700012E2,2.099999905E0,5.959999847E1
4.912060976E2,5.231001000E1,4.949998333E0,4.851912926E-1,1.655346632E0,1.694900055E2,2.099999905E0,5.950000000E1
4.922060976E2,5.231000333E1,4.949993333E0,6.851789644E-1,1.486003041E0,1.734700012E2,2.099999905E0,5.970000076E1
4.932060976E2,5.230999500E1,4.949995000E0,6.851680448E-1,1.300703049E0,1.642899933E2,2.000000000E0,5.940000153E1
4.942060976E2,5.230998667E1,4.949996667E0,8.851571252E-1,1.146801114E0,1.616900024E2,2.000000000E0,5.970000076E1
4.952060976E2,5.230997500E1,4.949995000E0,6.851395688E-1,1.069078088E0,1.572200012E2,2.000000000E0,6.830000305E1
4.962060976E2,5.230996167E1,4.949998333E0,4.851224756E-1,1.055695295E0,1.524600067E2,2.000000000E0,6.490000153E1
4.972060976E2,5.230994667E1,4.950005000E0,4.851049001E-1,1.103049755E0,1.588300018E2,2.099999905E0,6.509999847E1
4.982060976E2,5.230993333E1,4.950011667E0,3.850896976E-1,1.180258036E0,1.623999939E2,2.099999905E0,6.150000000E1
4.992060976E2,5.230991500E1,4.950016667E0,1.850664307E-1,1.245113015E0,1.701499939E2,2.099999905E0,6.129999924E1
5.002060976E2,5.230990667E1,4.950018333E0,1.850555111E-1,1.324380279E0,1.665599976E2,2.000000000E0,6.120000076E1
5.012060976E2,5.230989833E1,4.950025000E0,-1.495257252E-2,1.399014950E0,1.415200043E2,2.099999905E0,6.150000000E1
5.022060976E2,5.230989500E1,4.950036667E0,-2.149507010E-1,1.455119729E0,1.425899963E2,2.099999905E0,6.170000076E1
5.032060976E2,5.230988667E1,4.950048333E0,-4.149559485E-1,1.499900579E0,1.358500061E2,2.099999905E0,5.740000153E1
5.042060976E2,5.230988167E1,4.950060000E0,-5.149564500E-1,1.499900579E0,1.252099991E2,2.099999905E0,5.750000000E1
5.052060976E2,5.230987500E1,4.950056667E0,-2.149678328E-1,1.429383636E0,1.348999939E2,2.200000048E0,5.790000153E1
5.062060976E2,5.230986333E1,4.950050000E0,-2.149882254E-1,1.306879759E0,6.483000183E1,2.099999905E0,5.809999847E1
5.072060976E2,5.230985333E1,4.950043333E0,-1.150062449E-1,1.169963598E0,1.641799927E2,2.099999905E0,5.870000076E1
5.082060976E2,5.230984333E1,4.950045000E0,-1.501953764E-2,1.049518585E0,1.647599945E2,2.099999905E0,5.840000153E1
5.092060976E2,5.230982833E1,4.950048333E0,-1.503900409E-2,9.810605645E-1,1.646199951E2,2.099999905E0,5.859999847E1
5.102060976E2,5.230981167E1,4.950058333E0,-1.150570622E-1,9.831194282E-1,1.597500000E2,2.099999905E0,5.900000000E1
5.112060976E2,5.230979333E1,4.950070000E0,-2.150765482E-1,1.034076929E0,1.656499939E2,2.099999905E0,5.920000076E1
5.122060976E2,5.230977333E1,4.950076667E0,-3.151012431E-1,1.151433587E0,1.686000061E2,2.099999905E0,5.829999924E1
5.132060976E2,5.230975667E1,4.950088333E0,-5.151183562E-1,1.267246127E0,1.633399963E2,2.099999905E0,5.829999924E1
5.142060976E2,5.230974167E1,4.950101667E0,-6.151321510E-1,1.404162169E0,1.592400055E2,2.200000048E0,5.850000000E1
5.152060976E2,5.230972500E1,4.950108333E0,-9.151521001E-1,1.559608340E0,1.588000031E2,2.200000048E0,5.809999847E1
5.162060976E2,5.230971500E1,4.950125000E0,-1.015156885E0,1.713510275E0,1.570399933E2,2.200000048E0,5.840000153E1
5.172060976E2,5.230971167E1,4.950151667E0,-1.015146507E0,1.822116613E0,1.455099945E2,2.099999905E0,5.779999924E1
5.182060976E2,5.230970667E1,4.950170000E0,-1.315143227E0,1.911678314E0,1.505399933E2,2.099999905E0,5.809999847E1
5.192060976E2,5.230970667E1,4.950191667E0,-1.315130938E0,1.909104705E0,1.423399963E2,2.099999905E0,5.790000153E1
5.202060976E2,5.230970667E1,4.950213333E0,-1.315118650E0,1.838073015E0,1.453800049E2,2.099999905E0,5.779999924E1
5.212060976E2,5.230971000E1,4.950230000E0,-1.115104450E0,1.702186346E0,1.553899994E2,2.099999905E0,5.809999847E1
5.222060976E2,5.230971500E1,4.950240000E0,-9.150916594E-1,1.460266948E0,8.333999634E1,2.000000000E0,5.800000000E1
5.232060976E2,5.230971833E1,4.950246667E0,-7.150831320E-1,1.243054152E0,1.118000031E1,2.000000000E0,5.800000000E1
5.242060976E2,5.230971833E1,4.950255000E0,-5.150784055E-1,1.049518585E0,9.451999664E1,2.000000000E0,5.800000000E1
5.252060976E2,5.230971667E1,4.950261667E0,-2.150769973E-1,8.806897402E-1,1.210400009E2,2.099999905E0,5.820000076E1
5.262060976E2,5.230970833E1,4.950271667E0,-1.150831910E-1,8.014224768E-1,1.523899994E2,2.000000000E0,5.809999847E1
5.272060976E2,5.230969833E1,4.950281667E0,8.490824227E-2,7.762011290E-1,1.494499969E2,2.000000000E0,5.820000076E1
5.282060976E2,5.230968500E1,4.950290000E0,2.848939840E-1,7.520091534E-1,1.429600067E2,2.000000000E0,5.759999847E1
5.292060976E2,5.230966833E1,4.950301667E0,2.848768700E-1,8.065696955E-1,1.489299927E2,2.099999905E0,5.759999847E1
5.302060976E2,5.230965833E1,4.950310000E0,6.848673578E-1,8.719394207E-1,1.478200073E2,2.099999905E0,5.750000000E1
5.312060976E2,5.230964500E1,4.950318333E0,8.848530993E-1,9.841488600E-1,1.506900024E2,2.099999905E0,5.750000000E1
5.322060976E2,5.230963167E1,4.950325000E0,1.484837896E0,1.159669161E0,1.532200012E2,2.099999905E0,5.740000153E1
5.332060976E2,5.230962167E1,4.950335000E0,1.984829329E0,1.278570056E0,1.518699951E2,2.000000000E0,5.759999847E1
5.342060976E2,5.230961333E1,4.950341667E0,2.284821244E0,1.368646383E0,1.439499969E2,2.000000000E0,5.879999924E1
5.352060976E2,5.230960500E1,4.950343333E0,2.584810324E0,1.434530854E0,1.659100037E2,2.000000000E0,5.879999924E1
5.362060976E2,5.230959667E1,4.950346667E0,2.884800349E0,1.434530854E0,1.597599945E2,2.099999905E0,5.879999924E1
5.372060976E2,5.230958667E1,4.950350000E0,3.184788000E0,1.381514430E0,1.582200012E2,2.099999905E0,5.909999847E1
5.382060976E2,5.230957333E1,4.950346667E0,3.484767125E0,1.321806669E0,1.765599976E2,2.000000000E0,5.879999924E1
5.392060976E2,5.230956500E1,4.950350000E0,3.784757150E0,1.224009395E0,1.816799927E2,2.000000000E0,5.840000153E1
5.402060976E2,5.230955667E1,4.950355000E0,4.084748120E0,1.158125043E0,1.596499939E2,2.000000000E0,5.859999847E1
5.412060976E2,5.230954167E1,4.950361667E0,4.284730543E0,1.097902536E0,1.477100067E2,2.000000000E0,5.859999847E1
5.422060976E2,5.230953167E1,4.950375000E0,4.584723866E0,1.055180550E0,1.557100067E2,2.000000000E0,5.859999847E1
5.432060976E2,5.230951667E1,4.950388333E0,4.684710070E0,1.080401897E0,1.454199982E2,2.000000000E0,5.850000000E1
5.442060976E2,5.230950500E1,4.950405000E0,4.784702910E0,1.107682228E0,1.392400055E2,2.000000000E0,5.850000000E1
5.452060976E2,5.230949333E1,4.950420000E0,4.884694805E0,1.146801114E0,1.399400024E2,2.000000000E0,5.870000076E1
5.462060976E2,5.230948000E1,4.950430000E0,4.984681492E0,1.216288567E0,1.442700043E2,2.000000000E0,5.840000153E1
5.472060976E2,5.230946833E1,4.950445000E0,4.684673387E0,1.287835002E0,1.366399994E2,2.000000000E0,5.840000153E1
5.482060976E2,5.230945667E1,4.950458333E0,4.484664336E0,1.353204727E0,1.429100037E2,2.000000000E0,5.850000000E1
5.492060976E2,5.230944500E1,4.950468333E0,4.284653395E0,1.421148062E0,1.501000061E2,2.000000000E0,5.840000153E1
5.502060976E2,5.230943333E1,4.950480000E0,4.184643400E0,1.481370568E0,1.511499939E2,2.000000000E0,5.859999847E1
5.512060976E2,5.230941833E1,4.950485000E0,3.984624877E0,1.508136153E0,1.691199951E2,2.000000000E0,5.829999924E1
5.522060976E2,5.230940667E1,4.950491667E0,3.684612045E0,1.481370568E0,1.561399994E2,2.000000000E0,5.809999847E1
5.532060976E2,5.230939500E1,4.950495000E0,3.784597324E0,1.391808867E0,1.619799957E2,1.899999976E0,5.820000076E1
5.542060976E2,5.230938333E1,4.950496667E0,3.784581657E0,1.297099948E0,1.780599976E2,1.899999976E0,5.820000076E1
5.552060976E2,5.230937500E1,4.950501667E0,3.784572626E0,1.212685585E0,1.783800049E2,1.899999976E0,5.840000153E1
5.562060976E2,5.230936667E1,4.950511667E0,3.684566432E0,1.126726985E0,1.673800049E2,2.000000000E0,5.859999847E1
5.572060976E2,5.230935500E1,4.950520000E0,3.784554545E0,1.066504478E0,1.565200043E2,2.000000000E0,5.820000076E1
5.582060976E2,5.230934333E1,4.950533333E0,3.784545495E0,1.033047557E0,1.394199982E2,2.000000000E0,5.829999924E1
5.592060976E2,5.230933333E1,4.950543333E0,3.784536927E0,1.015032172E0,1.489600067E2,2.000000000E0,5.829999924E1
5.602060976E2,5.230932667E1,4.950561667E0,3.884537831E0,9.882666469E-1,1.355099945E2,2.000000000E0,5.820000076E1
5.612060976E2,5.230931833E1,4.950580000E0,3.884536362E0,9.697366953E-1,1.341999969E2,2.000000000E0,5.609999847E1
5.622060976E2,5.230930500E1,4.950596667E0,3.784526828E0,1.012458563E0,1.388600006E2,2.000000000E0,5.620000076E1
5.632060976E2,5.230929000E1,4.950611667E0,3.584513975E0,1.116432548E0,1.409900055E2,1.899999976E0,5.609999847E1
5.642060976E2,5.230927333E1,4.950626667E0,3.484498750E0,1.242024779E0,1.491600037E2,1.899999976E0,5.629999924E1
5.652060976E2,5.230925500E1,4.950638333E0,3.284479260E0,1.371734738E0,1.605299988E2,1.899999976E0,5.629999924E1
5.662060976E2,5.230924000E1,4.950646667E0,2.984462627E0,1.457693338E0,1.592799988E2,1.899999976E0,5.640000153E1
5.672060976E2,5.230922833E1,4.950650000E0,2.784447905E0,1.515856981E0,1.620099945E2,1.899999976E0,5.620000076E1
5.682060976E2,5.230922000E1,4.950658333E0,2.584440764E0,1.528210282E0,1.498699951E2,1.899999976E0,5.640000153E1
5.692060976E2,5.230921333E1,4.950665000E0,2.284435052E0,1.508650780E0,1.494799957E2,1.899999976E0,5.629999924E1
5.702060976E2,5.230920167E1,4.950673333E0,2.284423165E0,1.494753361E0,1.526100006E2,1.899999976E0,5.640000153E1
5.712060976E2,5.230919333E1,4.950680000E0,2.384415079E0,1.453575611E0,1.606399994E2,1.899999976E0,5.659999847E1
5.722060976E2,5.230918333E1,4.950686667E0,2.384404620E0,1.355778337E0,1.537500000E2,1.899999976E0,5.659999847E1
5.732060976E2,5.230917333E1,4.950693333E0,2.284394161E0,1.217832804E0,1.326999969E2,1.899999976E0,5.659999847E1
5.742060976E2,5.230916333E1,4.950700000E0,2.184383703E0,1.095328927E0,1.573500061E2,1.899999976E0,5.679999924E1
5.752060976E2,5.230915000E1,4.950703333E0,2.284366607E0,1.007826090E0,1.649600067E2,1.899999976E0,5.529999924E1
5.762060976E2,5.230913500E1,4.950715000E0,2.184351863E0,9.733397365E-1,1.542400055E2,1.899999976E0,5.559999847E1
5.772060976E2,5.230912167E1,4.950725000E0,2.084338548E0,9.867225289E-1,1.590599976E2,1.899999976E0,5.550000000E1
5.782060976E2,5.230910667E1,4.950736667E0,2.084323805E0,1.028929710E0,1.540000000E2,1.899999976E0,5.590000153E1
5.792060976E2,5.230909833E1,4.950750000E0,1.884319499E0,1.062901378E0,1.434700012E2,1.799999952E0,5.550000000E1
5.802060976E2,5.230909000E1,4.950763333E0,1.984315193E0,1.091725826E0,1.358000031E2,1.899999976E0,5.550000000E1
5.812060976E2,5.230908000E1,4.950776667E0,1.984308515E0,1.159154415E0,1.437100067E2,1.899999976E0,5.540000153E1
5.822060976E2,5.230907167E1,4.950790000E0,1.984304209E0,1.249745607E0,1.401300049E2,1.899999976E0,5.540000153E1
5.832060976E2,5.230906000E1,4.950801667E0,1.984294212E0,1.335189462E0,1.333899994E2,2.000000000E0,5.550000000E1
5.842060976E2,5.230905000E1,4.950808333E0,1.984283752E0,1.396441340E0,1.446499939E2,2.000000000E0,5.590000153E1
5.852060976E2,5.230904500E1,4.950815000E0,2.184280413E0,1.400559187E0,1.419600067E2,2.000000000E0,5.579999924E1
5.862060976E2,5.230903667E1,4.950821667E0,2.084272327E0,1.344454408E0,1.396100006E2,2.000000000E0,5.590000153E1
5.872060976E2,5.230903000E1,4.950828333E0,2.084266614E0,1.257466435E0,1.172200012E2,2.000000000E0,5.479999924E1
5.882060976E2,5.230901833E1,4.950835000E0,2.184253781E0,1.152977824E0,1.626399994E2,2.000000000E0,5.450000000E1
5.892060976E2,5.230900667E1,4.950841667E0,2.084240948E0,1.076798916E0,1.589799957E2,2.099999905E0,5.440000153E1
5.902060976E2,5.230899167E1,4.950846667E0,1.884222424E0,1.032018065E0,1.586900024E2,2.099999905E0,5.440000153E1
5.912060976E2,5.230898333E1,4.950848333E0,1.984211503E0,9.681925178E-1,1.621799927E2,2.000000000E0,5.440000153E1
5.922060976E2,5.230897000E1,4.950851667E0,1.784194406E0,9.357650280E-1,1.726600037E2,2.000000000E0,5.459999847E1
5.932060976E2,5.230895833E1,4.950861667E0,1.684183464E0,9.635599852E-1,1.686199951E2,2.000000000E0,5.420000076E1
5.942060976E2,5.230894500E1,4.950875000E0,1.384172038E0,1.001649499E0,1.553000031E2,2.000000000E0,5.440000153E1
5.952060976E2,5.230893167E1,4.950891667E0,1.284162502E0,1.080916643E0,1.521100006E2,2.099999905E0,5.479999924E1
5.962060976E2,5.230891833E1,4.950908333E0,1.084152966E0,1.197243929E0,1.483399963E2,2.099999905E0,5.509999847E1
5.972060976E2,5.230890833E1,4.950926667E0,9.841491210E-1,1.324895024E0,1.432299957E2,2.099999905E0,5.559999847E1
5.982060976E2,5.230889167E1,4.950940000E0,8.841329481E-1,1.482914686E0,1.562400055E2,2.099999905E0,5.620000076E1
5.992060976E2,5.230887500E1,4.950950000E0,7.841148850E-1,1.634243011E0,1.626900024E2,2.000000000E0,5.690000153E1
6.002060976E2,5.230886167E1,4.950963333E0,6.841034585E-1,1.728437185E0,1.608399963E2,2.000000000E0,5.440000153E1
6.012060976E2,5.230885000E1,4.950970000E0,5.840906252E-1,1.818513632E0,1.664400024E2,2.000000000E0,5.450000000E1
6.022060976E2,5.230884000E1,4.950978333E0,5.840811103E-1,1.836528897E0,1.633300018E2,2.000000000E0,5.500000000E1
6.032060976E2,5.230883667E1,4.950990000E0,5.840829787E-1,1.754688025E0,1.422400055E2,1.899999976E0,5.450000000E1
6.042060976E2,5.230883833E1,4.951005000E0,5.840938570E-1,1.629610538E0,8.666000366E1,1.899999976E0,5.450000000E1
6.052060976E2,5.230883667E1,4.951016667E0,7.840980987E-1,1.495782733E0,1.256800003E2,1.899999976E0,5.470000076E1
6.062060976E2,5.230884000E1,4.951033333E0,9.841122955E-1,1.365043283E0,7.404000092E1,1.899999976E0,5.479999924E1
6.072060976E2,5.230884167E1,4.951051667E0,1.084125064E0,1.229156613E0,8.316999817E1,1.799999952E0,5.450000000E1
6.082060976E2,5.230884167E1,4.951068333E0,1.284134514E0,1.076284170E0,7.223999786E1,1.799999952E0,5.459999847E1
6.092060976E2,5.230883833E1,4.951083333E0,1.384138272E0,9.290736318E-1,7.893000031E1,1.799999952E0,5.459999847E1
6.102060976E2,5.230883167E1,4.951096667E0,1.284136339E0,8.132610917E-1,9.204000092E1,1.799999952E0,5.470000076E1
6.112060976E2,5.230882333E1,4.951108333E0,1.284131087E0,7.200964093E-1,1.054499969E2,1.799999952E0,5.440000153E1
6.122060976E2,5.230881833E1,4.951121667E0,1.284131527E0,6.773744226E-1,1.087799988E2,1.799999952E0,5.470000076E1
6.132060976E2,5.230880833E1,4.951131667E0,1.284122956E0,7.175228000E-1,1.328699951E2,1.799999952E0,5.440000153E1
6.142060976E2,5.230879500E1,4.951138333E0,1.284107749E0,8.086286187E-1,1.308800049E2,1.899999976E0,5.450000000E1
6.152060976E2,5.230877833E1,4.951145000E0,1.184087795E0,9.141466618E-1,1.491900024E2,1.899999976E0,5.479999924E1
6.162060976E2,5.230875500E1,4.951143333E0,1.184053623E0,1.054151058E0,1.614900055E2,2.000000000E0,5.509999847E1
6.172060976E2,5.230873500E1,4.951146667E0,1.184027032E0,1.209597230E0,1.630800018E2,2.000000000E0,5.450000000E1
6.182060976E2,5.230871333E1,4.951150000E0,1.183998068E0,1.357837200E0,1.601999969E2,1.899999976E0,5.450000000E1
6.192060976E2,5.230869833E1,4.951155000E0,1.283979543E0,1.484458923E0,1.568500061E2,1.899999976E0,5.440000153E1
6.202060976E2,5.230868333E1,4.951153333E0,1.383957237E0,1.595124125E0,1.674499969E2,2.000000000E0,5.459999847E1
6.212060976E2,5.230867000E1,4.951150000E0,1.583936360E0,1.696009755E0,1.674100037E2,1.899999976E0,5.450000000E1
6.222060976E2,5.230866000E1,4.951153333E0,1.583924010E0,1.760349989E0,1.623600006E2,1.899999976E0,5.440000153E1
6.232060976E2,5.230864833E1,4.951151667E0,1.683906451E0,1.772188663E0,1.649400024E2,1.899999976E0,5.459999847E1
6.242060976E2,5.230863667E1,4.951155000E0,1.883891727E0,1.763438344E0,1.561900024E2,2.000000000E0,5.470000076E1
6.252060976E2,5.230862833E1,4.951161667E0,2.083883640E0,1.694465518E0,1.590000000E2,2.000000000E0,5.450000000E1
6.262060976E2,5.230862167E1,4.951171667E0,2.283879816E0,1.570417523E0,1.609499969E2,1.899999976E0,4.850000000E1
6.272060976E2,5.230861500E1,4.951175000E0,2.383872212E0,1.396441340E0,1.781199951E2,1.899999976E0,4.850000000E1
6.282060976E2,5.230860500E1,4.951176667E0,2.483858917E0,1.230186105E0,1.710399933E2,1.899999976E0,4.870000076E1
6.292060976E2,5.230859500E1,4.951181667E0,2.683847511E0,1.111285329E0,1.661799927E2,1.799999952E0,4.879999924E1
6.302060976E2,5.230858500E1,4.951186667E0,2.683836105E0,1.038194776E0,1.527100067E2,1.799999952E0,4.859999847E1
6.312060976E2,5.230857500E1,4.951200000E0,2.683829424E0,9.959874749E-1,1.373800049E2,1.799999952E0,4.850000000E1
6.322060976E2,5.230856333E1,4.951216667E0,2.683822259E0,1.017605782E0,1.409900055E2,1.799999952E0,4.870000076E1
6.332060976E2,5.230855000E1,4.951233333E0,2.583812721E0,1.106652737E0,1.390599976E2,1.799999952E0,4.850000000E1
6.342060976E2,5.230853667E1,4.951246667E0,2.583801293E0,1.174596071E0,1.545500031E2,1.799999952E0,4.840000153E1
6.352060976E2,5.230852000E1,4.951258333E0,2.483784173E0,1.277540565E0,1.568300018E2,1.799999952E0,4.840000153E1
6.362060976E2,5.230850500E1,4.951265000E0,2.383766592E0,1.377911329E0,1.631300049E2,1.799999952E0,4.840000153E1
6.372060976E2,5.230849000E1,4.951273333E0,2.383749955E0,1.501444697E0,1.565399933E2,1.700000048E0,4.859999847E1
6.382060976E2,5.230847833E1,4.951281667E0,2.283738066E0,1.597697735E0,1.446300049E2,1.700000048E0,4.900000000E1
6.392060976E2,5.230846833E1,4.951290000E0,2.183728550E0,1.645052195E0,1.587700043E2,1.700000048E0,4.890000153E1
6.402060976E2,5.230846000E1,4.951293333E0,2.283718572E0,1.620860219E0,1.560700073E2,1.700000048E0,4.929999924E1
6.412060976E2,5.230845333E1,4.951296667E0,2.383710968E0,1.523577809E0,1.535399933E2,1.799999952E0,4.920000076E1
6.422060976E2,5.230844667E1,4.951303333E0,2.483705254E0,1.408280015E0,1.605899963E2,1.799999952E0,4.979999924E1
6.432060976E2,5.230843833E1,4.951316667E0,2.583700946E0,1.282173038E0,1.475399933E2,1.799999952E0,4.879999924E1
6.442060976E2,5.230842667E1,4.951326667E0,2.783690001E0,1.215773940E0,1.485200043E2,1.799999952E0,4.900000000E1
6.452060976E2,5.230841500E1,4.951343333E0,2.883682835E0,1.199302793E0,1.473300018E2,1.799999952E0,4.909999847E1
6.462060976E2,5.230840000E1,4.951361667E0,2.983671867E0,1.204964757E0,1.506300049E2,1.799999952E0,4.879999924E1
6.472060976E2,5.230838833E1,4.951375000E0,2.983662812E0,1.213714957E0,1.506600037E2,1.799999952E0,4.920000076E1
6.482060976E2,5.230837333E1,4.951388333E0,2.983649009E0,1.284231901E0,1.614499969E2,1.799999952E0,4.890000153E1
6.492060976E2,5.230836000E1,4.951400000E0,2.983636636E0,1.332101107E0,1.535800018E2,1.700000048E0,4.879999924E1
6.502060976E2,5.230835167E1,4.951410000E0,2.883630437E0,1.383573294E0,1.461100006E2,1.700000048E0,4.879999924E1
6.512060976E2,5.230834833E1,4.951418333E0,2.883630415E0,1.444825292E0,1.466499939E2,1.700000048E0,4.870000076E1
6.522060976E2,5.230834500E1,4.951426667E0,2.883630392E0,1.469531894E0,1.573200073E2,1.700000048E0,4.900000000E1
6.532060976E2,5.230834000E1,4.951435000E0,2.883627995E0,1.471590877E0,1.449900055E2,1.700000048E0,4.879999924E1
6.542060976E2,5.230833500E1,4.951445000E0,2.883626544E0,1.444310546E0,1.479100037E2,1.799999952E0,4.900000000E1
6.552060976E2,5.230832500E1,4.951455000E0,2.883617972E0,1.391294122E0,1.478999939E2,1.799999952E0,4.890000153E1
6.562060976E2,5.230831000E1,4.951460000E0,3.083599445E0,1.334159970E0,1.530700073E2,1.700000048E0,4.929999924E1
6.572060976E2,5.230830167E1,4.951471667E0,2.983594191E0,1.262613654E0,1.443699951E2,1.700000048E0,4.890000153E1
6.582060976E2,5.230829167E1,4.951481667E0,2.883585619E0,1.164816380E0,1.463300018E2,1.700000048E0,4.890000153E1
6.592060976E2,5.230828167E1,4.951496667E0,2.983579882E0,1.144227505E0,1.395800018E2,1.799999952E0,4.909999847E1
6.602060976E2,5.230827167E1,4.951516667E0,2.983576978E0,1.188493609E0,1.430899963E2,1.799999952E0,4.870000076E1
6.612060976E2,5.230826167E1,4.951530000E0,2.883570296E0,1.251289725E0,1.516499939E2,1.799999952E0,4.929999924E1
6.622060976E2,5.230825000E1,4.951540000E0,2.883559350E0,1.336218834E0,1.540099945E2,1.700000048E0,4.900000000E1
6.632060976E2,5.230823500E1,4.951551667E0,2.783544602E0,1.427324772E0,1.532599945E2,1.700000048E0,4.920000076E1
6.642060976E2,5.230821833E1,4.951556667E0,2.583523701E0,1.512768626E0,1.687700043E2,1.700000048E0,4.890000153E1
6.652060976E2,5.230820667E1,4.951563333E0,2.383510865E0,1.533872247E0,1.602200012E2,1.700000048E0,4.929999924E1
6.662060976E2,5.230819500E1,4.951570000E0,2.083498030E0,1.529754400E0,1.543000031E2,1.700000048E0,4.890000153E1
6.672060976E2,5.230818833E1,4.951575000E0,1.883491370E0,1.506077170E0,1.370200043E2,1.799999952E0,4.929999924E1
6.682060976E2,5.230818000E1,4.951583333E0,1.683484226E0,1.457693338E0,1.438999939E2,1.799999952E0,4.890000153E1
6.692060976E2,5.230817167E1,4.951591667E0,1.583477082E0,1.380485058E0,1.450700073E2,1.799999952E0,4.929999924E1
6.702060976E2,5.230815833E1,4.951598333E0,1.383461873E0,1.271878600E0,1.612100067E2,1.799999952E0,4.920000076E1
6.712060976E2,5.230814833E1,4.951603333E0,1.183450466E0,1.185405254E0,1.581499939E2,1.700000048E0,4.920000076E1
6.722060976E2,5.230814000E1,4.951611667E0,1.183443322E0,1.103049755E0,1.515800018E2,1.700000048E0,4.929999924E1
6.732060976E2,5.230812833E1,4.951623333E0,1.283433321E0,1.036135793E0,1.499400024E2,1.700000048E0,4.929999924E1
6.742060976E2,5.230811667E1,4.951633333E0,1.283422374E0,1.014517546E0,1.606900024E2,1.799999952E0,4.950000000E1
6.752060976E2,5.230810167E1,4.951646667E0,1.183408571E0,1.061357260E0,1.561900024E2,1.899999976E0,4.979999924E1
6.762060976E2,5.230808833E1,4.951658333E0,1.183396195E0,1.133418322E0,1.564499969E2,1.899999976E0,4.929999924E1
6.772060976E2,5.230807667E1,4.951673333E0,1.183388083E0,1.234303832E0,1.445099945E2,1.899999976E0,4.959999847E1
6.782060976E2,5.230806333E1,4.951688333E0,1.083377597E0,1.354748845E0,1.487700043E2,2.000000000E0,4.929999924E1
6.792060976E2,5.230805333E1,4.951698333E0,1.083369024E0,1.452031374E0,1.484299927E2,1.899999976E0,4.950000000E1
6.802060976E2,5.230804500E1,4.951708333E0,1.083362825E0,1.520489454E0,1.461699982E2,1.799999952E0,4.959999847E1
6.812060976E2,5.230803667E1,4.951715000E0,1.083354736E0,1.532328010E0,1.504799957E2,1.899999976E0,5.009999847E1
6.822060976E2,5.230803167E1,4.951723333E0,1.183352339E0,1.529239774E0,1.288999939E2,1.899999976E0,5.070000076E1
6.832060976E2,5.230802500E1,4.951733333E0,1.283348513E0,1.506077170E0,1.160599976E2,1.899999976E0,5.059999847E1
6.842060976E2,5.230802167E1,4.951741667E0,1.283348489E0,1.402103305E0,1.004199982E2,1.799999952E0,5.020000076E1
6.852060976E2,5.230801667E1,4.951751667E0,1.383347037E0,1.283202529E0,1.153899994E2,1.799999952E0,5.040000153E1
6.862060976E2,5.230801000E1,4.951761667E0,1.483343211E0,1.176140308E0,1.290899963E2,1.799999952E0,5.050000000E1
6.872060976E2,5.230799500E1,4.951770000E0,1.483326572E0,1.106138110E0,1.443099976E2,1.799999952E0,5.070000076E1
6.882060976E2,5.230798500E1,4.951783333E0,1.483319888E0,1.051062822E0,1.463200073E2,1.799999952E0,4.979999924E1
6.892060976E2,5.230796833E1,4.951785000E0,1.483297097E0,1.073195815E0,1.630099945E2,1.899999976E0,5.000000000E1
6.902060976E2,5.230795167E1,4.951788333E0,1.583275250E0,1.099446654E0,1.573000031E2,1.899999976E0,4.959999847E1
6.912060976E2,5.230794333E1,4.951805000E0,1.583272829E0,1.109741092E0,1.379100037E2,1.799999952E0,4.959999847E1
6.922060976E2,5.230793833E1,4.951823333E0,1.483276100E0,1.102535009E0,1.066200027E2,1.799999952E0,4.990000153E1
6.932060976E2,5.230793667E1,4.951835000E0,1.383280339E0,1.126212239E0,7.434999847E1,1.799999952E0,5.070000076E1
