"Time (s)","Illuminance (lx)"
1.336346940E-1,8.000000000E0
2.536083100E-1,7.000000000E0
4.536532330E-1,8.000000000E0
8.537310040E-1,7.000000000E0
1.173684928E0,8.000000000E0
1.293662697E0,7.000000000E0
1.854419698E0,8.000000000E0
1.973682083E0,7.000000000E0
2.814394701E0,8.000000000E0
3.133683317E0,9.000000000E0
3.973667319E0,1.000000000E1
4.093683934E0,9.000000000E0
4.173659935E0,8.000000000E0
4.494331705E0,9.000000000E0
5.133675937E0,8.000000000E0
5.214348553E0,7.000000000E0
5.373678168E0,8.000000000E0
5.454383015E0,9.000000000E0
5.973702156E0,8.000000000E0
6.093722233E0,7.000000000E0
6.414414542E0,8.000000000E0
6.573739157E0,9.000000000E0
6.733742773E0,8.000000000E0
6.894408620E0,7.000000000E0
7.013766466E0,8.000000000E0
7.134567774E0,9.000000000E0
7.773709314E0,1.000000000E1
7.813825314E0,9.000000000E0
8.094361622E0,8.000000000E0
8.373691469E0,9.000000000E0
9.054447471E0,8.000000000E0
9.333971472E0,9.000000000E0
1.205393001E1,8.000000000E0
1.233376639E1,9.000000000E0
1.297371955E1,8.000000000E0
1.325373008E1,9.000000000E0
1.361445039E1,8.000000000E0
1.385442939E1,9.000000000E0
1.397376455E1,1.000000000E1
1.405376639E1,9.000000000E0
1.457444140E1,8.000000000E0
1.481456147E1,9.000000000E0
1.497371901E1,8.000000000E0
1.525400971E1,9.000000000E0
1.565441362E1,8.000000000E0
1.621419977E1,9.000000000E0
1.661419231E1,8.000000000E0
1.685415877E1,9.000000000E0
1.725411416E1,8.000000000E0
1.757419016E1,9.000000000E0
1.769482962E1,8.000000000E0
1.777416216E1,7.000000000E0
1.801417116E1,8.000000000E0
1.853432285E1,9.000000000E0
1.897414993E1,1.000000000E1
1.941428070E1,9.000000000E0
1.993413886E1,8.000000000E0
2.025415447E1,9.000000000E0
2.121370316E1,8.000000000E0
2.145371054E1,9.000000000E0
2.237385178E1,1.000000000E1
2.269385578E1,9.000000000E0
2.345454124E1,8.000000000E0
2.353380370E1,9.000000000E0
2.361376962E1,8.000000000E0
2.397372032E1,9.000000000E0
2.409377909E1,8.000000000E0
2.441442409E1,9.000000000E0
2.449379847E1,1.000000000E1
2.481370247E1,9.000000000E0
2.493370809E1,8.000000000E0
2.517372624E1,9.000000000E0
2.529381117E1,1.000000000E1
2.533377724E1,9.000000000E0
2.553385663E1,8.000000000E0
2.581369746E1,9.000000000E0
2.633443777E1,1.000000000E1
2.665373293E1,9.000000000E0
2.793385785E1,8.000000000E0
2.873443693E1,9.000000000E0
2.905373478E1,8.000000000E0
2.957377232E1,9.000000000E0
2.969445717E1,8.000000000E0
2.997410701E1,9.000000000E0
3.009385594E1,8.000000000E0
3.021381755E1,7.000000000E0
3.033374117E1,8.000000000E0
3.041441840E1,9.000000000E0
3.145373677E1,8.000000000E0
3.169387339E1,9.000000000E0
3.189376293E1,8.000000000E0
3.213373716E1,9.000000000E0
3.297368793E1,8.000000000E0
3.317375216E1,9.000000000E0
3.325374478E1,1.000000000E1
3.337378632E1,9.000000000E0
3.345372086E1,8.000000000E0
3.365370847E1,7.000000000E0
3.373379801E1,8.000000000E0
3.385371132E1,7.000000000E0
3.417378455E1,8.000000000E0
3.445391217E1,7.000000000E0
3.497439770E1,5.000000000E0
3.505388240E1,3.000000000E0
3.517376270E1,5.000000000E0
3.525386640E1,7.000000000E0
3.557375955E1,5.000000000E0
3.561376763E1,4.000000000E0
3.565373278E1,2.000000000E0
3.573379700E1,1.000000000E0
3.597386216E1,0.000000000E0
3.649377177E1,2.000000000E0
3.653376400E1,4.000000000E0
3.657374008E1,5.000000000E0
3.665444770E1,7.000000000E0
3.689452216E1,6.000000000E0
3.697374531E1,4.000000000E0
3.701376654E1,3.000000000E0
3.705379547E1,1.000000000E0
3.741388831E1,0.000000000E0
3.813373670E1,1.000000000E0
3.853376039E1,2.000000000E0
3.857442524E1,1.000000000E0
3.869389478E1,3.000000000E0
3.873376439E1,2.000000000E0
3.877380716E1,0.000000000E0
3.881441609E1,1.000000000E0
3.889376001E1,2.000000000E0
3.893377632E1,3.000000000E0
3.897374132E1,5.000000000E0
3.901377016E1,4.000000000E0
3.909376655E1,5.000000000E0
3.921376532E1,7.000000000E0
3.925377393E1,5.000000000E0
3.929452070E1,4.000000000E0
3.933394870E1,5.000000000E0
3.953465609E1,4.000000000E0
3.957388009E1,5.000000000E0
3.961376440E1,7.000000000E0
3.965376286E1,5.000000000E0
3.973389486E1,3.000000000E0
3.989378255E1,1.000000000E0
3.993384801E1,0.000000000E0
3.997377517E1,1.000000000E0
4.001444432E1,3.000000000E0
4.005379394E1,5.000000000E0
4.013396863E1,3.000000000E0
4.017375024E1,5.000000000E0
4.021382001E1,6.000000000E0
4.037373886E1,5.000000000E0
4.041384309E1,4.000000000E0
4.045375301E1,5.000000000E0
4.049440709E1,4.000000000E0
4.057374101E1,3.000000000E0
4.065373509E1,2.000000000E0
4.077375416E1,1.000000000E0
4.101373947E1,2.000000000E0
4.105389108E1,4.000000000E0
4.109391639E1,5.000000000E0
4.113385631E1,7.000000000E0
4.477373570E1,6.000000000E0
4.481444555E1,7.000000000E0
7.157387601E1,5.000000000E0
7.161374516E1,4.000000000E0
7.165385816E1,3.000000000E0
7.169441478E1,2.000000000E0
7.181387785E1,1.000000000E0
7.193449962E1,2.000000000E0
7.209370032E1,3.000000000E0
7.217443808E1,5.000000000E0
7.221380832E1,3.000000000E0
7.225390516E1,2.000000000E0
7.237371201E1,1.000000000E0
7.257373632E1,0.000000000E0
7.269388555E1,2.000000000E0
7.273374024E1,3.000000000E0
7.277375108E1,5.000000000E0
7.281386055E1,7.000000000E0
7.341373909E1,6.000000000E0
7.373375540E1,7.000000000E0
7.633374824E1,8.000000000E0
7.689377254E1,7.000000000E0
8.562055294E1,6.000000000E0
8.566006586E1,7.000000000E0
8.761988332E1,6.000000000E0
8.765987216E1,7.000000000E0
8.773988701E1,6.000000000E0
8.794004732E1,7.000000000E0
8.853985378E1,6.000000000E0
8.865991893E1,7.000000000E0
8.933989224E1,6.000000000E0
8.937983963E1,7.000000000E0
8.982013340E1,6.000000000E0
8.989986509E1,7.000000000E0
9.090055871E1,6.000000000E0
9.109988001E1,7.000000000E0
9.218011655E1,6.000000000E0
9.249989286E1,7.000000000E0
1.030605006E2,8.000000000E0
1.031803012E2,7.000000000E0
1.036209898E2,8.000000000E0
1.037403446E2,7.000000000E0
1.156598704E2,6.000000000E0
1.160599200E2,7.000000000E0
1.188599098E2,8.000000000E0
1.190999200E2,7.000000000E0
1.236198138E2,8.000000000E0
1.237399762E2,7.000000000E0
1.268600805E2,8.000000000E0
1.269798514E2,7.000000000E0
1.312998511E2,8.000000000E0
1.314200317E2,7.000000000E0
1.361798873E2,6.000000000E0
1.369402942E2,7.000000000E0
1.404603273E2,6.000000000E0
1.407005424E2,7.000000000E0
1.447800902E2,8.000000000E0
1.448198536E2,7.000000000E0
1.575798846E2,8.000000000E0
1.576998911E2,7.000000000E0
1.585398874E2,8.000000000E0
1.587001742E2,7.000000000E0
1.612998929E2,8.000000000E0
1.614607299E2,7.000000000E0
1.666200847E2,6.000000000E0
1.666601659E2,7.000000000E0
1.690199028E2,8.000000000E0
1.691799309E2,7.000000000E0
1.718999157E2,8.000000000E0
1.721800979E2,7.000000000E0
1.735400631E2,8.000000000E0
1.738201117E2,7.000000000E0
1.745798822E2,8.000000000E0
1.747800884E2,7.000000000E0
1.759000309E2,8.000000000E0
1.761005127E2,7.000000000E0
1.768598877E2,8.000000000E0
1.772598945E2,7.000000000E0
1.786998785E2,8.000000000E0
1.789398806E2,7.000000000E0
1.805798812E2,8.000000000E0
1.807799172E2,7.000000000E0
1.841798753E2,8.000000000E0
1.843798854E2,7.000000000E0
1.855000975E2,6.000000000E0
1.896598522E2,7.000000000E0
1.919409323E2,8.000000000E0
1.919802935E2,7.000000000E0
1.920603399E2,8.000000000E0
1.921809824E2,7.000000000E0
1.937005077E2,8.000000000E0
1.938204631E2,7.000000000E0
1.955803289E2,8.000000000E0
1.957812276E2,7.000000000E0
1.960603043E2,8.000000000E0
1.961803009E2,7.000000000E0
1.966602840E2,8.000000000E0
1.967799138E2,7.000000000E0
1.975798976E2,8.000000000E0
1.980998708E2,7.000000000E0
1.981398778E2,8.000000000E0
1.981807514E2,7.000000000E0
1.983398796E2,8.000000000E0
1.985398855E2,7.000000000E0
1.990598501E2,8.000000000E0
1.992998304E2,7.000000000E0
2.010606335E2,8.000000000E0
2.011400886E2,7.000000000E0
2.011799059E2,8.000000000E0
2.012598791E2,7.000000000E0
2.019397986E2,8.000000000E0
2.021799579E2,7.000000000E0
2.025798146E2,8.000000000E0
2.026198299E2,7.000000000E0
2.064198209E2,8.000000000E0
2.066198884E2,7.000000000E0
2.066597865E2,8.000000000E0
2.067798151E2,7.000000000E0
2.087407529E2,8.000000000E0
2.088998873E2,7.000000000E0
2.092205092E2,8.000000000E0
2.093800960E2,7.000000000E0
2.144198462E2,6.000000000E0
2.157399108E2,7.000000000E0
2.160199117E2,6.000000000E0
2.162598649E2,7.000000000E0
2.162999191E2,6.000000000E0
2.163398729E2,7.000000000E0
2.164205268E2,6.000000000E0
2.164998773E2,7.000000000E0
2.165398918E2,6.000000000E0
2.175004612E2,7.000000000E0
2.175402154E2,6.000000000E0
2.184202064E2,7.000000000E0
2.196603639E2,6.000000000E0
2.197808953E2,7.000000000E0
2.198603772E2,6.000000000E0
2.199801837E2,7.000000000E0
2.327405449E2,6.000000000E0
2.328998301E2,7.000000000E0
2.329400220E2,6.000000000E0
2.330198876E2,7.000000000E0
2.331398100E2,6.000000000E0
2.335400657E2,7.000000000E0
2.338998346E2,6.000000000E0
2.341400612E2,7.000000000E0
2.344205144E2,6.000000000E0
2.349400300E2,7.000000000E0
2.350198510E2,6.000000000E0
2.353806746E2,7.000000000E0
2.354198203E2,6.000000000E0
2.359800418E2,7.000000000E0
2.362198356E2,6.000000000E0
2.362598541E2,7.000000000E0
2.364598596E2,6.000000000E0
2.365398547E2,7.000000000E0
2.367398365E2,6.000000000E0
2.373008162E2,7.000000000E0
2.373399267E2,6.000000000E0
2.382605818E2,7.000000000E0
2.383400759E2,6.000000000E0
2.384599192E2,7.000000000E0
2.458999030E2,8.000000000E0
2.460599203E2,7.000000000E0
2.569002896E2,6.000000000E0
2.569404997E2,7.000000000E0
2.577398814E2,6.000000000E0
2.580599039E2,7.000000000E0
2.582198749E2,6.000000000E0
2.586198869E2,7.000000000E0
2.603800463E2,6.000000000E0
2.613401024E2,7.000000000E0
2.648599489E2,8.000000000E0
2.651406553E2,7.000000000E0
2.654599775E2,8.000000000E0
2.657399988E2,7.000000000E0
2.667399717E2,6.000000000E0
2.668999483E2,7.000000000E0
2.671401560E2,6.000000000E0
2.678198762E2,7.000000000E0
2.678601065E2,6.000000000E0
2.679798766E2,7.000000000E0
2.689805585E2,6.000000000E0
2.710198939E2,7.000000000E0
2.743798538E2,8.000000000E0
2.744598535E2,7.000000000E0
2.746198673E2,8.000000000E0
2.748598791E2,7.000000000E0
2.751398615E2,8.000000000E0
2.752205582E2,7.000000000E0
2.761398809E2,8.000000000E0
2.761805861E2,7.000000000E0
2.778998910E2,8.000000000E0
2.780199120E2,7.000000000E0
2.790198858E2,8.000000000E0
2.792200274E2,7.000000000E0
2.867803230E2,6.000000000E0
2.868203291E2,7.000000000E0
2.868603224E2,6.000000000E0
2.877009940E2,7.000000000E0
2.988198683E2,8.000000000E0
2.988598714E2,7.000000000E0
3.068198400E2,6.000000000E0
3.069005496E2,7.000000000E0
3.070198896E2,6.000000000E0
3.070998723E2,7.000000000E0
3.185803063E2,6.000000000E0
3.187005569E2,7.000000000E0
3.187403126E2,6.000000000E0
3.193403507E2,7.000000000E0
3.195404707E2,6.000000000E0
3.195803030E2,7.000000000E0
3.197802935E2,6.000000000E0
3.198612203E2,7.000000000E0
3.314598744E2,6.000000000E0
3.315398670E2,7.000000000E0
3.609798656E2,6.000000000E0
3.610202148E2,7.000000000E0
3.630998499E2,6.000000000E0
3.631798910E2,7.000000000E0
3.633798430E2,6.000000000E0
3.634199557E2,7.000000000E0
3.634598504E2,6.000000000E0
3.740202793E2,7.000000000E0
3.743002971E2,6.000000000E0
3.745809916E2,7.000000000E0
3.746602741E2,6.000000000E0
3.749802854E2,7.000000000E0
3.751404528E2,6.000000000E0
3.772209248E2,7.000000000E0
3.774203226E2,6.000000000E0
3.777405051E2,7.000000000E0
3.778602815E2,6.000000000E0
3.782998255E2,7.000000000E0
3.783797626E2,6.000000000E0
3.789004642E2,7.000000000E0
3.790997732E2,6.000000000E0
3.802597803E2,7.000000000E0
3.805397883E2,6.000000000E0
3.823797688E2,7.000000000E0
3.824199532E2,6.000000000E0
3.825005200E2,7.000000000E0
3.834608113E2,6.000000000E0
3.835799012E2,7.000000000E0
3.840199071E2,6.000000000E0
3.854600563E2,7.000000000E0
3.865808018E2,6.000000000E0
3.875798812E2,7.000000000E0
3.876199390E2,6.000000000E0
3.877806173E2,7.000000000E0
3.881000117E2,6.000000000E0
3.884598822E2,7.000000000E0
3.897401506E2,6.000000000E0
3.897798754E2,7.000000000E0
3.898198917E2,6.000000000E0
3.900600899E2,7.000000000E0
3.904998936E2,6.000000000E0
3.907798767E2,7.000000000E0
3.908598825E2,6.000000000E0
3.909400816E2,7.000000000E0
3.917798646E2,6.000000000E0
3.919000920E2,7.000000000E0
3.919798677E2,6.000000000E0
3.920598576E2,7.000000000E0
3.924198533E2,6.000000000E0
3.925398503E2,7.000000000E0
3.931003012E2,6.000000000E0
3.932602568E2,7.000000000E0
3.933009362E2,6.000000000E0
3.933402725E2,7.000000000E0
3.935002666E2,6.000000000E0
3.936202519E2,7.000000000E0
3.937002723E2,6.000000000E0
3.937809731E2,7.000000000E0
3.946203153E2,6.000000000E0
3.949402540E2,7.000000000E0
3.949809372E2,6.000000000E0
3.950602611E2,7.000000000E0
3.951402417E2,6.000000000E0
3.957402599E2,7.000000000E0
3.965802461E2,6.000000000E0
3.966609255E2,7.000000000E0
3.967802886E2,6.000000000E0
3.968202446E2,7.000000000E0
3.969402731E2,6.000000000E0
3.971002932E2,7.000000000E0
3.976209651E2,6.000000000E0
3.977802870E2,7.000000000E0
3.978609240E2,6.000000000E0
3.979002663E2,7.000000000E0
3.993005486E2,6.000000000E0
3.995798843E2,7.000000000E0
3.996599027E2,6.000000000E0
3.997398796E2,7.000000000E0
4.002605370E2,6.000000000E0
4.003798850E2,7.000000000E0
4.004198689E2,6.000000000E0
4.005398600E2,7.000000000E0
4.008198587E2,6.000000000E0
4.009398526E2,7.000000000E0
4.009805366E2,6.000000000E0
4.010999009E2,7.000000000E0
4.018198880E2,6.000000000E0
4.018999169E2,7.000000000E0
4.024205347E2,6.000000000E0
4.024598664E2,7.000000000E0
4.024998773E2,6.000000000E0
4.028198461E2,7.000000000E0
4.028598553E2,6.000000000E0
4.032198352E2,7.000000000E0
4.032998616E2,6.000000000E0
4.039398115E2,7.000000000E0
4.040599216E2,6.000000000E0
4.041798619E2,7.000000000E0
4.045398161E2,6.000000000E0
4.046998678E2,7.000000000E0
4.055405105E2,6.000000000E0
4.058598167E2,7.000000000E0
4.066198860E2,6.000000000E0
4.066598499E2,7.000000000E0
4.068198284E2,6.000000000E0
4.074198487E2,7.000000000E0
4.089398453E2,6.000000000E0
4.093805182E2,7.000000000E0
4.095798785E2,6.000000000E0
4.096205833E2,7.000000000E0
4.098604920E2,6.000000000E0
4.098999428E2,7.000000000E0
4.100598748E2,6.000000000E0
4.101398732E2,7.000000000E0
4.136203403E2,6.000000000E0
4.139409480E2,7.000000000E0
4.141402763E2,6.000000000E0
4.142202899E2,7.000000000E0
4.142602733E2,6.000000000E0
4.144209575E2,7.000000000E0
4.147402797E2,6.000000000E0
4.147803397E2,7.000000000E0
4.148202821E2,6.000000000E0
4.153809333E2,7.000000000E0
4.175409726E2,6.000000000E0
4.178602976E2,7.000000000E0
4.186998397E2,6.000000000E0
4.187798588E2,7.000000000E0
4.188598834E2,6.000000000E0
4.190198625E2,7.000000000E0
4.190598670E2,6.000000000E0
4.191798646E2,7.000000000E0
4.208598658E2,6.000000000E0
4.209005529E2,7.000000000E0
4.244196871E2,5.000000000E0
4.244596964E2,4.000000000E0
4.245003681E2,3.000000000E0
4.245397342E2,4.000000000E0
4.245797170E2,2.000000000E0
4.247797269E2,1.000000000E0
4.248597032E2,0.000000000E0
4.261396930E2,1.000000000E0
4.263796663E2,3.000000000E0
4.264203585E2,5.000000000E0
4.265397034E2,7.000000000E0
4.267397066E2,6.000000000E0
4.270598563E2,7.000000000E0
4.271403927E2,6.000000000E0
4.272997296E2,7.000000000E0
4.273803831E2,6.000000000E0
4.277397037E2,7.000000000E0
4.288603622E2,5.000000000E0
4.289003293E2,3.000000000E0
4.289402698E2,2.000000000E0
4.289802304E2,0.000000000E0
4.310602893E2,1.000000000E0
4.311003036E2,3.000000000E0
4.311402896E2,5.000000000E0
4.312209513E2,7.000000000E0
4.384205899E2,6.000000000E0
4.388201040E2,7.000000000E0
4.392198640E2,6.000000000E0
4.393399055E2,7.000000000E0
4.394599093E2,6.000000000E0
4.395398563E2,7.000000000E0
4.396598493E2,6.000000000E0
4.400198793E2,7.000000000E0
4.400601151E2,6.000000000E0
4.401005474E2,7.000000000E0
4.408205603E2,6.000000000E0
4.412599203E2,7.000000000E0
4.413399086E2,6.000000000E0
4.418999256E2,7.000000000E0
4.515397950E2,5.000000000E0
4.516598440E2,4.000000000E0
4.519000649E2,2.000000000E0
4.519398264E2,1.000000000E0
4.525804790E2,0.000000000E0
4.526198208E2,1.000000000E0
4.531398091E2,0.000000000E0
4.539399290E2,1.000000000E0
4.542605206E2,0.000000000E0
4.546998787E2,1.000000000E0
4.548598864E2,2.000000000E0
4.548998979E2,1.000000000E0
4.549398911E2,0.000000000E0
4.553799116E2,1.000000000E0
4.555000754E2,0.000000000E0
4.564598486E2,1.000000000E0
4.565800330E2,3.000000000E0
4.566605450E2,4.000000000E0
4.567001010E2,5.000000000E0
4.567398898E2,7.000000000E0
4.567799433E2,6.000000000E0
4.569005643E2,4.000000000E0
4.570201224E2,2.000000000E0
4.570600628E2,1.000000000E0
4.572599347E2,2.000000000E0
4.573399465E2,4.000000000E0
4.573805582E2,3.000000000E0
4.574599024E2,2.000000000E0
4.574999705E2,3.000000000E0
4.575798914E2,2.000000000E0
4.576205853E2,0.000000000E0
4.585804726E2,1.000000000E0
4.586200635E2,2.000000000E0
4.586597700E2,4.000000000E0
4.586997966E2,6.000000000E0
4.587798130E2,7.000000000E0
4.640598403E2,5.000000000E0
4.641798080E2,3.000000000E0
4.642598163E2,5.000000000E0
4.643405646E2,7.000000000E0
4.648204910E2,5.000000000E0
4.650605062E2,7.000000000E0
4.653797953E2,5.000000000E0
4.654598173E2,7.000000000E0
4.656599114E2,5.000000000E0
4.656998120E2,7.000000000E0
4.711397705E2,5.000000000E0
4.712197613E2,7.000000000E0
4.714198139E2,5.000000000E0
4.714997794E2,3.000000000E0
4.715404421E2,1.000000000E0
4.715797843E2,0.000000000E0
4.718197659E2,1.000000000E0
4.718998437E2,3.000000000E0
4.719397610E2,1.000000000E0
4.719800652E2,3.000000000E0
4.720997628E2,1.000000000E0
4.721399517E2,0.000000000E0
4.725397526E2,1.000000000E0
4.725797683E2,0.000000000E0
4.727404468E2,1.000000000E0
4.728597985E2,0.000000000E0
4.732997514E2,1.000000000E0
4.733397963E2,3.000000000E0
4.734199465E2,5.000000000E0
4.736199020E2,3.000000000E0
4.737400850E2,1.000000000E0
4.737799063E2,3.000000000E0
4.738199031E2,1.000000000E0
4.738598926E2,0.000000000E0
4.747799100E2,2.000000000E0
4.748198700E2,4.000000000E0
4.748599032E2,5.000000000E0
4.749007887E2,7.000000000E0
4.795001250E2,6.000000000E0
4.796199123E2,7.000000000E0
4.810201747E2,5.000000000E0
4.810999215E2,7.000000000E0
4.812999058E2,5.000000000E0
4.813399105E2,7.000000000E0
4.874998800E2,5.000000000E0
4.875401508E2,3.000000000E0
4.875799209E2,1.000000000E0
4.876205831E2,0.000000000E0
4.878605741E2,1.000000000E0
4.878998951E2,3.000000000E0
4.879398766E2,5.000000000E0
4.881007283E2,3.000000000E0
4.881798865E2,1.000000000E0
4.882200806E2,0.000000000E0
4.888998834E2,1.000000000E0
4.891399255E2,0.000000000E0
4.891799249E2,1.000000000E0
4.892600939E2,3.000000000E0
4.893005516E2,5.000000000E0
4.893400554E2,7.000000000E0
4.914998665E2,5.000000000E0
4.915399000E2,3.000000000E0
4.917007504E2,5.000000000E0
4.917798603E2,3.000000000E0
4.918198856E2,5.000000000E0
4.918598570E2,7.000000000E0
4.918999010E2,5.000000000E0
4.919798375E2,7.000000000E0
4.920198837E2,5.000000000E0
4.920998296E2,7.000000000E0
4.971003228E2,5.000000000E0
4.973802926E2,7.000000000E0
4.975003123E2,5.000000000E0
4.975402893E2,7.000000000E0
4.999002913E2,5.000000000E0
4.999802810E2,3.000000000E0
5.001402664E2,5.000000000E0
5.001802653E2,7.000000000E0
5.029810243E2,5.000000000E0
5.030602997E2,3.000000000E0
5.031402889E2,5.000000000E0
5.031805419E2,3.000000000E0
5.032605194E2,5.000000000E0
5.033003421E2,7.000000000E0
5.033403360E2,5.000000000E0
5.034202982E2,3.000000000E0
5.035003250E2,5.000000000E0
5.036603126E2,7.000000000E0
5.040998406E2,5.000000000E0
5.043400560E2,3.000000000E0
5.043798378E2,1.000000000E0
5.044998339E2,0.000000000E0
5.049398553E2,1.000000000E0
5.049800843E2,3.000000000E0
5.050198778E2,5.000000000E0
5.050599123E2,7.000000000E0
5.054199166E2,5.000000000E0
5.054998830E2,3.000000000E0
5.056598403E2,5.000000000E0
5.057398763E2,7.000000000E0
5.061005280E2,5.000000000E0
5.061398407E2,3.000000000E0
5.061800410E2,1.000000000E0
5.062198637E2,0.000000000E0
5.066198782E2,1.000000000E0
5.066598333E2,2.000000000E0
5.067001363E2,4.000000000E0
5.067398730E2,6.000000000E0
5.068205424E2,7.000000000E0
5.121008110E2,5.000000000E0
5.123406023E2,7.000000000E0
5.143798995E2,5.000000000E0
5.144198924E2,3.000000000E0
5.144599373E2,1.000000000E0
5.145005315E2,0.000000000E0
5.652996440E2,1.000000000E0
5.655796606E2,0.000000000E0
5.659796498E2,1.000000000E0
5.660196452E2,3.000000000E0
5.661396733E2,5.000000000E0
5.661798920E2,3.000000000E0
5.664598947E2,1.000000000E0
5.666196563E2,0.000000000E0
5.670996483E2,1.000000000E0
5.671398345E2,0.000000000E0
5.682602954E2,1.000000000E0
5.683397127E2,0.000000000E0
5.690196536E2,1.000000000E0
5.690596424E2,2.000000000E0
5.690998893E2,4.000000000E0
5.691396360E2,5.000000000E0
5.691796856E2,7.000000000E0
5.699003256E2,5.000000000E0
5.699409649E2,3.000000000E0
5.700603212E2,5.000000000E0
5.702203867E2,7.000000000E0
5.704604713E2,5.000000000E0
5.705805462E2,3.000000000E0
5.706203267E2,5.000000000E0
5.706610067E2,7.000000000E0
5.733805803E2,5.000000000E0
5.735409541E2,7.000000000E0
6.012998587E2,6.000000000E0
6.013398852E2,5.000000000E0
6.015000323E2,7.000000000E0
6.113403532E2,6.000000000E0
6.113802800E2,7.000000000E0
6.115003099E2,6.000000000E0
6.116602850E2,7.000000000E0
6.121809844E2,6.000000000E0
6.122202950E2,4.000000000E0
6.123003308E2,6.000000000E0
6.124209945E2,7.000000000E0
6.128603025E2,5.000000000E0
6.129802852E2,3.000000000E0
6.130203126E2,5.000000000E0
6.131410000E2,7.000000000E0
6.137403225E2,5.000000000E0
6.138203640E2,3.000000000E0
6.139803524E2,5.000000000E0
6.140203000E2,7.000000000E0
6.146600292E2,5.000000000E0
6.146999000E2,3.000000000E0
6.148205501E2,5.000000000E0
6.148999179E2,3.000000000E0
6.149398818E2,1.000000000E0
6.149798665E2,3.000000000E0
6.150201243E2,5.000000000E0
6.150606009E2,3.000000000E0
6.150998828E2,5.000000000E0
6.152201545E2,7.000000000E0
6.154998816E2,5.000000000E0
6.155407874E2,3.000000000E0
6.157399179E2,5.000000000E0
6.157807567E2,3.000000000E0
6.160205653E2,5.000000000E0
6.161000877E2,7.000000000E0
6.164200581E2,5.000000000E0
6.165799050E2,6.000000000E0
6.166199415E2,4.000000000E0
6.168198773E2,2.000000000E0
6.168598908E2,1.000000000E0
6.168998979E2,0.000000000E0
6.169400517E2,1.000000000E0
6.170999067E2,3.000000000E0
6.171398984E2,5.000000000E0
6.172205557E2,7.000000000E0
6.172999631E2,5.000000000E0
6.173798807E2,7.000000000E0
6.181805634E2,5.000000000E0
6.182200219E2,3.000000000E0
6.182998834E2,1.000000000E0
6.184598908E2,0.000000000E0
6.184998603E2,1.000000000E0
6.185798695E2,3.000000000E0
6.186198800E2,5.000000000E0
6.187399126E2,7.000000000E0
6.191800898E2,5.000000000E0
6.192599052E2,3.000000000E0
6.192998794E2,1.000000000E0
6.193399021E2,3.000000000E0
6.194199124E2,1.000000000E0
6.194598920E2,3.000000000E0
6.194998976E2,5.000000000E0
6.196205470E2,7.000000000E0
6.201005143E2,6.000000000E0
6.201398855E2,4.000000000E0
6.201798682E2,6.000000000E0
6.202200565E2,7.000000000E0
6.202598420E2,6.000000000E0
6.202998646E2,4.000000000E0
6.204198771E2,5.000000000E0
6.204600935E2,7.000000000E0
6.208205357E2,5.000000000E0
6.210607122E2,7.000000000E0
6.221398794E2,5.000000000E0
6.221798840E2,7.000000000E0
6.222998744E2,5.000000000E0
6.226198960E2,7.000000000E0
6.230598756E2,6.000000000E0
6.231398636E2,4.000000000E0
6.232207193E2,2.000000000E0
6.232598864E2,1.000000000E0
6.233798799E2,3.000000000E0
6.234198962E2,5.000000000E0
6.235398858E2,7.000000000E0
6.237402710E2,5.000000000E0
6.238200092E2,3.000000000E0
6.239407913E2,1.000000000E0
6.240198581E2,3.000000000E0
6.240998360E2,5.000000000E0
6.241398723E2,7.000000000E0
6.242198895E2,5.000000000E0
6.245403420E2,7.000000000E0
6.246609621E2,5.000000000E0
6.247003055E2,7.000000000E0
6.247403303E2,5.000000000E0
6.247803110E2,3.000000000E0
6.248603368E2,1.000000000E0
6.249403020E2,0.000000000E0
6.249803083E2,1.000000000E0
6.251002858E2,3.000000000E0
6.251409648E2,1.000000000E0
6.254203040E2,0.000000000E0
6.255002935E2,1.000000000E0
6.257403685E2,3.000000000E0
6.257802888E2,5.000000000E0
6.258202852E2,3.000000000E0
6.260603520E2,1.000000000E0
6.261403080E2,3.000000000E0
6.261802960E2,5.000000000E0
6.262205888E2,7.000000000E0
6.265002797E2,6.000000000E0
6.265809919E2,4.000000000E0
6.267003187E2,6.000000000E0
6.267403187E2,4.000000000E0
6.267803245E2,6.000000000E0
6.268209723E2,5.000000000E0
6.269003200E2,7.000000000E0
6.269405036E2,5.000000000E0
6.271003817E2,3.000000000E0
6.271403415E2,5.000000000E0
6.272602966E2,7.000000000E0
6.273403514E2,5.000000000E0
6.273803206E2,7.000000000E0
6.275803329E2,5.000000000E0
6.276603055E2,6.000000000E0
6.277004747E2,4.000000000E0
6.277403174E2,2.000000000E0
6.278205116E2,1.000000000E0
6.278602977E2,2.000000000E0
6.279803141E2,3.000000000E0
6.280209645E2,5.000000000E0
6.281403497E2,7.000000000E0
6.281803350E2,5.000000000E0
6.283403504E2,3.000000000E0
6.284204658E2,1.000000000E0
6.285009430E2,3.000000000E0
6.286604578E2,5.000000000E0
6.287004972E2,7.000000000E0
6.289002993E2,5.000000000E0
6.289404500E2,3.000000000E0
6.290203495E2,1.000000000E0
6.290602987E2,3.000000000E0
6.291002959E2,1.000000000E0
6.292605430E2,3.000000000E0
6.293003054E2,1.000000000E0
6.293403420E2,3.000000000E0
6.294611651E2,1.000000000E0
6.295002897E2,3.000000000E0
6.295402996E2,5.000000000E0
6.295799536E2,3.000000000E0
6.297798585E2,5.000000000E0
6.299405487E2,7.000000000E0
6.302998855E2,5.000000000E0
6.304205615E2,3.000000000E0
6.304598877E2,1.000000000E0
6.304998363E2,3.000000000E0
6.305398933E2,1.000000000E0
6.308598670E2,3.000000000E0
6.309006800E2,5.000000000E0
6.309398668E2,7.000000000E0
6.312198474E2,5.000000000E0
6.312598809E2,3.000000000E0
6.313398772E2,1.000000000E0
6.314598680E2,0.000000000E0
6.315399064E2,1.000000000E0
6.316207505E2,0.000000000E0
6.316598920E2,1.000000000E0
6.316998443E2,3.000000000E0
6.317798652E2,5.000000000E0
6.318605819E2,3.000000000E0
6.319398606E2,5.000000000E0
6.319798655E2,3.000000000E0
6.320199055E2,2.000000000E0
6.322599910E2,0.000000000E0
6.322998677E2,2.000000000E0
6.323405560E2,1.000000000E0
6.324998324E2,3.000000000E0
6.325805643E2,5.000000000E0
6.327000397E2,7.000000000E0
6.327400409E2,5.000000000E0
6.327801095E2,3.000000000E0
6.328998609E2,1.000000000E0
6.329400474E2,0.000000000E0
6.837009653E2,1.000000000E0
6.837805619E2,2.000000000E0
6.838203065E2,4.000000000E0
6.838602877E2,3.000000000E0
6.840603603E2,5.000000000E0
6.841002690E2,3.000000000E0
6.841402920E2,1.000000000E0
6.842205357E2,0.000000000E0
6.842602751E2,1.000000000E0
6.843803215E2,0.000000000E0
6.844602911E2,1.000000000E0
6.845804693E2,0.000000000E0
6.853002760E2,1.000000000E0
6.854202819E2,0.000000000E0
6.854603043E2,1.000000000E0
6.855003557E2,3.000000000E0
6.855402643E2,5.000000000E0
6.857803010E2,3.000000000E0
6.858202957E2,1.000000000E0
6.858609622E2,0.000000000E0
6.861402933E2,1.000000000E0
6.863005397E2,3.000000000E0
6.864204790E2,1.000000000E0
6.865004970E2,3.000000000E0
6.866210544E2,1.000000000E0
6.866603098E2,3.000000000E0
6.867005286E2,5.000000000E0
6.867803188E2,3.000000000E0
6.868209714E2,1.000000000E0
6.868603087E2,0.000000000E0
6.869004529E2,1.000000000E0
6.870611447E2,3.000000000E0
6.871402975E2,5.000000000E0
6.872205089E2,3.000000000E0
6.873011714E2,1.000000000E0
6.873403492E2,0.000000000E0
6.876605013E2,2.000000000E0
6.877003154E2,3.000000000E0
6.878202939E2,2.000000000E0
6.879003404E2,0.000000000E0
6.893804545E2,1.000000000E0
6.894204773E2,3.000000000E0
6.894610176E2,5.000000000E0
6.895002844E2,3.000000000E0
6.895402619E2,5.000000000E0
6.895803058E2,7.000000000E0
6.896602741E2,5.000000000E0
6.897009769E2,3.000000000E0
6.897802911E2,1.000000000E0
6.898202739E2,2.000000000E0
6.898602930E2,1.000000000E0
6.899411527E2,2.000000000E0
6.900204649E2,4.000000000E0
6.900603467E2,2.000000000E0
6.901404609E2,3.000000000E0
6.902602751E2,1.000000000E0
6.903402889E2,0.000000000E0
6.904209634E2,1.000000000E0
6.905004938E2,3.000000000E0
6.905403295E2,1.000000000E0
6.905803024E2,3.000000000E0
6.906202797E2,5.000000000E0
6.906609533E2,7.000000000E0
6.908202661E2,5.000000000E0
6.909402683E2,3.000000000E0
6.910602957E2,5.000000000E0
6.911002637E2,3.000000000E0
6.911805440E2,5.000000000E0
6.913002640E2,3.000000000E0
6.914602698E2,5.000000000E0
6.915003271E2,3.000000000E0
6.915803357E2,5.000000000E0
6.917002883E2,3.000000000E0
6.917403332E2,5.000000000E0
6.918205277E2,7.000000000E0
6.918609587E2,5.000000000E0
6.919005523E2,3.000000000E0
6.919405270E2,5.000000000E0
6.919806591E2,3.000000000E0
6.920204890E2,5.000000000E0
6.920602886E2,3.000000000E0
6.921403049E2,1.000000000E0
6.922603052E2,0.000000000E0
6.929803037E2,1.000000000E0
6.930203009E2,3.000000000E0
6.930609560E2,5.000000000E0
6.931402652E2,3.000000000E0
6.932202560E2,5.000000000E0
6.933404455E2,3.000000000E0
6.934203379E2,5.000000000E0
6.934603044E2,7.000000000E0
6.935002932E2,5.000000000E0
6.935805234E2,7.000000000E0
6.939802766E2,5.000000000E0
6.941003031E2,3.000000000E0
6.941403264E2,1.000000000E0
6.941802809E2,0.000000000E0
6.942202610E2,1.000000000E0
6.942609413E2,3.000000000E0
6.943002812E2,5.000000000E0
6.943403068E2,3.000000000E0
6.943802800E2,1.000000000E0
6.944602889E2,3.000000000E0
6.945009511E2,5.000000000E0
6.946602711E2,7.000000000E0
6.953798707E2,5.000000000E0
6.954198547E2,3.000000000E0
6.955398565E2,1.000000000E0
6.955798885E2,0.000000000E0
6.956598634E2,1.000000000E0
6.957401279E2,3.000000000E0
6.957800089E2,5.000000000E0
6.958198710E2,3.000000000E0
6.958999097E2,5.000000000E0
6.959407716E2,3.000000000E0
6.959798747E2,1.000000000E0
6.960599400E2,0.000000000E0
6.966607817E2,1.000000000E0
6.967800886E2,3.000000000E0
6.969798670E2,1.000000000E0
6.971001067E2,0.000000000E0
6.971799043E2,1.000000000E0
6.972200227E2,0.000000000E0
6.972998907E2,1.000000000E0
6.973805451E2,3.000000000E0
6.974198169E2,5.000000000E0
6.974998328E2,3.000000000E0
6.975398147E2,5.000000000E0
6.977000803E2,3.000000000E0
6.978198560E2,5.000000000E0
6.978999224E2,3.000000000E0
6.979398500E2,1.000000000E0
6.979799020E2,3.000000000E0
6.980598994E2,1.000000000E0
6.981005094E2,3.000000000E0
6.982198741E2,5.000000000E0
6.982598697E2,7.000000000E0
6.984998614E2,5.000000000E0
6.985398671E2,3.000000000E0
6.986599894E2,5.000000000E0
6.986999048E2,3.000000000E0
6.987798947E2,5.000000000E0
6.988207763E2,7.000000000E0
6.995407371E2,5.000000000E0
6.996198697E2,7.000000000E0
6.997805577E2,5.000000000E0
6.998200781E2,7.000000000E0
7.000599172E2,5.000000000E0
7.001399120E2,3.000000000E0
7.001799092E2,5.000000000E0
7.003398804E2,3.000000000E0
7.005005419E2,1.000000000E0
7.005401133E2,0.000000000E0
7.007405443E2,1.000000000E0
7.008198427E2,3.000000000E0
7.008598806E2,5.000000000E0
7.008998775E2,3.000000000E0
7.009398671E2,1.000000000E0
7.010198693E2,3.000000000E0
7.011398936E2,1.000000000E0
7.011798757E2,0.000000000E0
7.015400126E2,1.000000000E0
7.016199000E2,2.000000000E0
7.016598591E2,4.000000000E0
7.017400880E2,6.000000000E0
7.017800941E2,7.000000000E0
7.027398684E2,5.000000000E0
7.027799167E2,3.000000000E0
7.029005640E2,1.000000000E0
7.030998690E2,3.000000000E0
7.031407209E2,5.000000000E0
7.032200702E2,6.000000000E0
7.032998664E2,4.000000000E0
7.033398901E2,6.000000000E0
7.033805664E2,7.000000000E0
7.034199261E2,6.000000000E0
7.034598813E2,4.000000000E0
7.034998933E2,3.000000000E0
7.035398441E2,4.000000000E0
7.035798818E2,2.000000000E0
7.036600587E2,1.000000000E0
7.036998615E2,0.000000000E0
7.037400477E2,1.000000000E0
7.037799025E2,2.000000000E0
7.038200344E2,3.000000000E0
7.038998859E2,5.000000000E0
7.039398865E2,7.000000000E0
7.042200941E2,5.000000000E0
7.042598871E2,3.000000000E0
7.043798695E2,1.000000000E0
7.044598711E2,0.000000000E0
7.050602585E2,1.000000000E0
7.050998578E2,3.000000000E0
7.051398351E2,1.000000000E0
7.051798695E2,3.000000000E0
7.053398653E2,5.000000000E0
7.054600917E2,7.000000000E0
7.055000160E2,5.000000000E0
7.058598545E2,7.000000000E0
7.060998387E2,5.000000000E0
7.061798415E2,3.000000000E0
7.062198458E2,1.000000000E0
7.062998430E2,0.000000000E0
7.064598461E2,1.000000000E0
7.065005440E2,3.000000000E0
7.065398339E2,5.000000000E0
7.065798459E2,7.000000000E0
7.067405742E2,5.000000000E0
7.068998533E2,3.000000000E0
7.072598449E2,5.000000000E0
7.073798680E2,7.000000000E0
7.074605308E2,5.000000000E0
7.075400141E2,7.000000000E0
7.077400413E2,5.000000000E0
7.077801677E2,7.000000000E0
7.078201077E2,5.000000000E0
7.078598403E2,3.000000000E0
7.079000421E2,1.000000000E0
7.079405129E2,3.000000000E0
7.079798483E2,1.000000000E0
7.080200775E2,0.000000000E0
7.088198324E2,1.000000000E0
7.089798354E2,2.000000000E0
7.091405501E2,1.000000000E0
7.091798711E2,3.000000000E0
7.094198690E2,5.000000000E0
7.094998521E2,3.000000000E0
7.096598301E2,1.000000000E0
7.096998397E2,0.000000000E0
7.097798668E2,1.000000000E0
7.098998779E2,3.000000000E0
7.099398321E2,1.000000000E0
7.100600979E2,0.000000000E0
7.103404630E2,1.000000000E0
7.103797782E2,3.000000000E0
7.104198086E2,5.000000000E0
7.104598070E2,7.000000000E0
7.105804704E2,5.000000000E0
7.108207304E2,3.000000000E0
7.109399745E2,5.000000000E0
7.110997837E2,3.000000000E0
7.111798187E2,5.000000000E0
7.112199997E2,7.000000000E0
7.113006338E2,5.000000000E0
7.113400286E2,3.000000000E0
7.114198049E2,5.000000000E0
7.114597976E2,7.000000000E0
7.114997981E2,5.000000000E0
7.115798563E2,3.000000000E0
7.116597890E2,5.000000000E0
7.116997822E2,3.000000000E0
7.118197757E2,5.000000000E0
7.118998370E2,7.000000000E0
7.122997942E2,5.000000000E0
7.123397976E2,7.000000000E0
7.124197630E2,5.000000000E0
7.125397877E2,7.000000000E0
7.128597886E2,5.000000000E0
7.128997920E2,3.000000000E0
7.129399674E2,1.000000000E0
7.132599425E2,3.000000000E0
7.133398148E2,1.000000000E0
7.134199717E2,0.000000000E0
7.134997987E2,1.000000000E0
7.137004453E2,0.000000000E0
7.140997763E2,1.000000000E0
7.141398148E2,3.000000000E0
7.143398307E2,5.000000000E0
7.143798366E2,3.000000000E0
7.144205065E2,1.000000000E0
7.144597966E2,0.000000000E0
7.145398717E2,1.000000000E0
7.146198047E2,3.000000000E0
7.146604415E2,1.000000000E0
7.146997751E2,3.000000000E0
7.147400101E2,5.000000000E0
7.147800267E2,7.000000000E0
7.152999086E2,5.000000000E0
7.154598784E2,3.000000000E0
7.155398920E2,5.000000000E0
7.157399101E2,3.000000000E0
7.157798748E2,5.000000000E0
7.159398942E2,7.000000000E0
7.159800624E2,5.000000000E0
7.160198824E2,3.000000000E0
7.161005327E2,1.000000000E0
7.161798778E2,0.000000000E0
7.162198852E2,1.000000000E0
7.162998819E2,3.000000000E0
7.164198698E2,5.000000000E0
7.164600471E2,3.000000000E0
7.164998822E2,5.000000000E0
7.165398847E2,3.000000000E0
7.165805446E2,2.000000000E0
7.166201179E2,0.000000000E0
7.170201717E2,1.000000000E0
7.171399461E2,0.000000000E0
7.171800951E2,1.000000000E0
7.173799317E2,3.000000000E0
7.174199219E2,5.000000000E0
7.174998234E2,3.000000000E0
7.175799324E2,5.000000000E0
7.176998924E2,3.000000000E0
7.177398797E2,1.000000000E0
7.178198770E2,3.000000000E0
7.179398634E2,1.000000000E0
7.180598985E2,3.000000000E0
7.181402480E2,1.000000000E0
7.182198810E2,0.000000000E0
7.186201570E2,1.000000000E0
7.188198760E2,0.000000000E0
7.190598859E2,1.000000000E0
7.191399016E2,3.000000000E0
7.191800289E2,5.000000000E0
7.192205674E2,7.000000000E0
7.193401184E2,5.000000000E0
7.194998613E2,3.000000000E0
7.195399185E2,1.000000000E0
7.195802004E2,0.000000000E0
7.196199504E2,1.000000000E0
7.197006335E2,0.000000000E0
7.197398880E2,1.000000000E0
7.198200634E2,3.000000000E0
7.198598871E2,5.000000000E0
7.198999080E2,7.000000000E0
7.199408139E2,5.000000000E0
7.200201652E2,7.000000000E0
7.201001308E2,5.000000000E0
7.201806154E2,3.000000000E0
7.202598590E2,5.000000000E0
7.203001500E2,7.000000000E0
7.203398957E2,5.000000000E0
7.204205554E2,7.000000000E0
7.204598805E2,5.000000000E0
7.205399020E2,3.000000000E0
7.206199227E2,1.000000000E0
7.206998796E2,0.000000000E0
7.210198910E2,1.000000000E0
7.211405818E2,3.000000000E0
7.213400867E2,1.000000000E0
7.213805337E2,3.000000000E0
7.214200504E2,5.000000000E0
7.215798750E2,7.000000000E0
7.219799350E2,5.000000000E0
7.221005482E2,3.000000000E0
7.222200562E2,5.000000000E0
7.222999052E2,7.000000000E0
7.225000710E2,5.000000000E0
7.227399113E2,7.000000000E0
7.231400886E2,5.000000000E0
7.232598713E2,3.000000000E0
7.234201497E2,5.000000000E0
7.234598867E2,7.000000000E0
7.242998566E2,5.000000000E0
7.243398667E2,3.000000000E0
7.243798851E2,1.000000000E0
7.245005399E2,0.000000000E0
7.245798954E2,1.000000000E0
7.246198990E2,3.000000000E0
7.246998993E2,5.000000000E0
7.248198991E2,7.000000000E0
7.250199110E2,6.000000000E0
7.250598781E2,4.000000000E0
7.251398972E2,2.000000000E0
7.251798929E2,1.000000000E0
7.252997748E2,3.000000000E0
7.254999889E2,5.000000000E0
7.255797896E2,3.000000000E0
7.256597751E2,5.000000000E0
7.257004572E2,7.000000000E0
7.257398191E2,5.000000000E0
7.258197775E2,3.000000000E0
7.258597794E2,1.000000000E0
7.259404452E2,0.000000000E0
7.260597643E2,1.000000000E0
7.260999104E2,3.000000000E0
7.261399267E2,5.000000000E0
7.261807074E2,7.000000000E0
7.264597720E2,5.000000000E0
7.264997440E2,3.000000000E0
7.265397782E2,1.000000000E0
7.265799578E2,3.000000000E0
7.267397904E2,5.000000000E0
7.267797877E2,7.000000000E0
7.269797384E2,5.000000000E0
7.270997594E2,3.000000000E0
7.271404628E2,5.000000000E0
7.272597895E2,3.000000000E0
7.273399415E2,1.000000000E0
7.273806184E2,0.000000000E0
7.275800176E2,1.000000000E0
7.276204650E2,3.000000000E0
7.276599210E2,5.000000000E0
7.277398037E2,7.000000000E0
7.278197864E2,5.000000000E0
7.281004550E2,3.000000000E0
7.281397773E2,5.000000000E0
7.281797892E2,7.000000000E0
7.282200050E2,5.000000000E0
7.283404511E2,7.000000000E0
7.285805160E2,5.000000000E0
7.288204391E2,7.000000000E0
7.290200187E2,5.000000000E0
7.290604418E2,3.000000000E0
7.291000557E2,1.000000000E0
7.291799744E2,3.000000000E0
7.292200209E2,1.000000000E0
7.293397902E2,3.000000000E0
7.294597880E2,1.000000000E0
7.294997861E2,0.000000000E0
7.295797727E2,1.000000000E0
7.296197566E2,0.000000000E0
7.298599401E2,1.000000000E0
7.299797721E2,3.000000000E0
7.300598043E2,5.000000000E0
7.300997569E2,3.000000000E0
7.301398055E2,5.000000000E0
7.301800314E2,3.000000000E0
7.302199418E2,1.000000000E0
7.303403010E2,3.000000000E0
7.304202924E2,5.000000000E0
7.305009631E2,7.000000000E0
7.315003101E2,5.000000000E0
7.315404816E2,3.000000000E0
7.316202944E2,1.000000000E0
7.316603231E2,0.000000000E0
7.317805031E2,1.000000000E0
7.318205597E2,3.000000000E0
7.318603092E2,5.000000000E0
7.319005824E2,3.000000000E0
7.320603431E2,1.000000000E0
7.321403809E2,0.000000000E0
7.323403080E2,1.000000000E0
7.323804489E2,3.000000000E0
7.324604634E2,5.000000000E0
7.325003021E2,7.000000000E0
7.326609480E2,5.000000000E0
7.327403339E2,3.000000000E0
7.327803258E2,1.000000000E0
7.329009634E2,3.000000000E0
7.329403154E2,5.000000000E0
7.329802830E2,7.000000000E0
7.333403644E2,5.000000000E0
7.334203074E2,7.000000000E0
7.335004978E2,5.000000000E0
7.336603114E2,7.000000000E0
7.342203064E2,5.000000000E0
7.344203124E2,3.000000000E0
7.344604653E2,5.000000000E0
7.345004477E2,3.000000000E0
7.345809914E2,1.000000000E0
7.346602745E2,0.000000000E0
7.349003095E2,1.000000000E0
7.349403194E2,3.000000000E0
7.349803001E2,5.000000000E0
7.350203302E2,7.000000000E0
7.356998665E2,5.000000000E0
7.357401302E2,7.000000000E0
7.361799009E2,5.000000000E0
7.362605991E2,3.000000000E0
7.362999231E2,1.000000000E0
7.363398985E2,3.000000000E0
7.363798880E2,1.000000000E0
7.364200828E2,3.000000000E0
7.366598600E2,1.000000000E0
7.368198591E2,2.000000000E0
7.370201376E2,4.000000000E0
7.370999120E2,5.000000000E0
7.371799264E2,3.000000000E0
7.372205465E2,5.000000000E0
7.372598707E2,7.000000000E0
7.377801290E2,5.000000000E0
7.378999092E2,3.000000000E0
7.379407412E2,1.000000000E0
7.379798801E2,3.000000000E0
7.380600581E2,5.000000000E0
7.382198701E2,7.000000000E0
7.397401415E2,5.000000000E0
7.397798893E2,7.000000000E0
7.398605487E2,5.000000000E0
7.398999098E2,3.000000000E0
7.399798886E2,1.000000000E0
7.400198751E2,3.000000000E0
7.401005538E2,1.000000000E0
7.401802246E2,3.000000000E0
7.402598708E2,1.000000000E0
7.403406240E2,0.000000000E0
7.405805871E2,1.000000000E0
7.406199150E2,2.000000000E0
7.406599114E2,4.000000000E0
7.406999227E2,6.000000000E0
7.407398947E2,7.000000000E0
7.417000711E2,5.000000000E0
7.419398874E2,7.000000000E0
7.423399166E2,5.000000000E0
7.424199126E2,3.000000000E0
7.424599004E2,1.000000000E0
7.425399101E2,3.000000000E0
7.426199132E2,5.000000000E0
7.426998721E2,3.000000000E0
7.427799207E2,5.000000000E0
7.428199018E2,4.000000000E0
7.428599677E2,2.000000000E0
7.428998881E2,0.000000000E0
7.429806111E2,2.000000000E0
7.430600904E2,4.000000000E0
7.431399050E2,5.000000000E0
7.431799059E2,7.000000000E0
7.434999044E2,5.000000000E0
7.435398991E2,3.000000000E0
7.436199130E2,1.000000000E0
7.437399098E2,0.000000000E0
7.438999542E2,1.000000000E0
7.439408407E2,3.000000000E0
7.440198883E2,5.000000000E0
7.440999007E2,7.000000000E0
7.442599302E2,5.000000000E0
7.443399456E2,3.000000000E0
7.443799191E2,5.000000000E0
7.445399456E2,3.000000000E0
7.445799511E2,5.000000000E0
7.446199170E2,3.000000000E0
7.446605674E2,5.000000000E0
7.448200483E2,7.000000000E0
7.450199468E2,5.000000000E0
7.450598964E2,3.000000000E0
7.450998862E2,1.000000000E0
7.452200234E2,3.000000000E0
7.452599585E2,1.000000000E0
7.454598606E2,0.000000000E0
7.458605505E2,1.000000000E0
7.459401582E2,3.000000000E0
7.460598745E2,5.000000000E0
7.461005290E2,3.000000000E0
7.461400726E2,1.000000000E0
7.462998665E2,2.000000000E0
7.463405708E2,4.000000000E0
7.463799047E2,2.000000000E0
7.465398797E2,4.000000000E0
7.465807009E2,3.000000000E0
7.466198809E2,1.000000000E0
7.468598649E2,0.000000000E0
7.469000870E2,1.000000000E0
7.469398773E2,3.000000000E0
7.469798394E2,1.000000000E0
7.470605550E2,3.000000000E0
7.470998898E2,5.000000000E0
7.471798935E2,7.000000000E0
7.474198901E2,6.000000000E0
7.475405465E2,4.000000000E0
7.476199010E2,3.000000000E0
7.476999336E2,5.000000000E0
7.477399010E2,7.000000000E0
7.477805951E2,5.000000000E0
7.478200923E2,3.000000000E0
7.479800366E2,1.000000000E0
7.480599204E2,0.000000000E0
7.481400591E2,1.000000000E0
7.481798791E2,3.000000000E0
7.482200527E2,1.000000000E0
7.482605720E2,2.000000000E0
7.482998911E2,4.000000000E0
7.483401253E2,2.000000000E0
7.483801569E2,4.000000000E0
7.484600544E2,2.000000000E0
7.485005277E2,1.000000000E0
7.485398584E2,2.000000000E0
7.485800658E2,3.000000000E0
7.486198801E2,1.000000000E0
7.487408154E2,3.000000000E0
7.487798800E2,5.000000000E0
7.488200721E2,7.000000000E0
7.488598692E2,5.000000000E0
7.489000505E2,3.000000000E0
7.489398834E2,5.000000000E0
7.490198619E2,3.000000000E0
7.491000508E2,1.000000000E0
7.492205154E2,3.000000000E0
7.492598748E2,1.000000000E0
7.492998641E2,3.000000000E0
7.493798560E2,1.000000000E0
7.494198520E2,3.000000000E0
7.494605493E2,1.000000000E0
7.494999474E2,3.000000000E0
7.495799228E2,5.000000000E0
7.497005533E2,7.000000000E0
7.497401397E2,5.000000000E0
7.499406862E2,3.000000000E0
7.499798772E2,5.000000000E0
7.500198717E2,3.000000000E0
7.500998735E2,5.000000000E0
7.501398604E2,3.000000000E0
7.503798607E2,5.000000000E0
7.504598327E2,7.000000000E0
7.505000201E2,5.000000000E0
7.505798894E2,7.000000000E0
7.510598247E2,5.000000000E0
7.510998388E2,3.000000000E0
7.511404976E2,1.000000000E0
7.512598617E2,0.000000000E0
7.520598342E2,1.000000000E0
7.521005115E2,3.000000000E0
7.521398299E2,5.000000000E0
7.521798736E2,7.000000000E0
7.524598558E2,5.000000000E0
7.525001598E2,3.000000000E0
7.525805020E2,1.000000000E0
7.526198262E2,3.000000000E0
7.526998361E2,1.000000000E0
7.528205546E2,3.000000000E0
7.528598401E2,1.000000000E0
7.529400884E2,0.000000000E0
7.534997924E2,1.000000000E0
7.536598019E2,0.000000000E0
7.540598564E2,1.000000000E0
7.541798259E2,3.000000000E0
7.542198057E2,1.000000000E0
7.543398231E2,3.000000000E0
7.544198256E2,5.000000000E0
7.544598189E2,3.000000000E0
7.545801512E2,5.000000000E0
7.546598050E2,3.000000000E0
7.548201054E2,2.000000000E0
7.548597989E2,3.000000000E0
7.548999844E2,2.000000000E0
7.550200625E2,0.000000000E0
7.565398830E2,1.000000000E0
7.566199467E2,0.000000000E0
7.579798897E2,1.000000000E0
7.580198704E2,3.000000000E0
7.582198999E2,1.000000000E0
7.582598664E2,0.000000000E0
7.606602490E2,1.000000000E0
7.607000243E2,0.000000000E0
7.608202231E2,1.000000000E0
7.609806831E2,0.000000000E0
7.627800732E2,1.000000000E0
7.628200693E2,0.000000000E0
7.649800157E2,1.000000000E0
7.652600025E2,0.000000000E0
8.143398918E2,1.000000000E0
8.144198549E2,3.000000000E0
8.144598797E2,5.000000000E0
8.145005521E2,7.000000000E0
8.163002191E2,5.000000000E0
8.164597939E2,7.000000000E0
8.165397701E2,5.000000000E0
8.165799690E2,7.000000000E0
8.203797705E2,6.000000000E0
8.204599864E2,5.000000000E0
8.205797524E2,6.000000000E0
8.206997877E2,7.000000000E0
8.230198789E2,5.000000000E0
8.230601574E2,3.000000000E0
8.231405711E2,5.000000000E0
8.232198530E2,7.000000000E0
8.237801103E2,5.000000000E0
8.238198751E2,3.000000000E0
8.239001204E2,5.000000000E0
8.239798731E2,7.000000000E0
8.240200214E2,5.000000000E0
8.241007773E2,7.000000000E0
8.242999471E2,5.000000000E0
8.243405601E2,7.000000000E0
8.248205561E2,5.000000000E0
8.249798614E2,3.000000000E0
8.250605893E2,1.000000000E0
8.250998853E2,3.000000000E0
8.251398728E2,5.000000000E0
8.251799115E2,7.000000000E0
8.254998533E2,5.000000000E0
8.256198694E2,7.000000000E0
8.256998777E2,5.000000000E0
8.258201130E2,7.000000000E0
8.258598259E2,5.000000000E0
8.259797900E2,3.000000000E0
8.260205050E2,5.000000000E0
8.262605211E2,3.000000000E0
8.265400770E2,1.000000000E0
8.265798727E2,3.000000000E0
8.266200902E2,5.000000000E0
8.266600063E2,3.000000000E0
8.268599736E2,5.000000000E0
8.269804822E2,7.000000000E0
8.272598582E2,5.000000000E0
8.272997933E2,4.000000000E0
8.273398312E2,2.000000000E0
8.274200537E2,4.000000000E0
8.274605014E2,5.000000000E0
8.276198364E2,7.000000000E0
8.278597943E2,5.000000000E0
8.278998331E2,7.000000000E0
8.280197887E2,6.000000000E0
8.280601054E2,4.000000000E0
8.280999441E2,3.000000000E0
8.281398029E2,1.000000000E0
8.282600106E2,0.000000000E0
8.284997764E2,1.000000000E0
8.285400334E2,0.000000000E0
8.286198351E2,1.000000000E0
8.287399794E2,0.000000000E0
8.289005312E2,1.000000000E0
8.290597988E2,3.000000000E0
8.291000770E2,5.000000000E0
8.291407229E2,3.000000000E0
8.292199540E2,2.000000000E0
8.292600878E2,0.000000000E0
8.292999819E2,2.000000000E0
8.293399788E2,3.000000000E0
8.295001361E2,5.000000000E0
8.295398343E2,7.000000000E0
8.296597865E2,5.000000000E0
8.298999896E2,3.000000000E0
8.301800201E2,2.000000000E0
8.302198060E2,3.000000000E0
8.303405074E2,1.000000000E0
8.305398143E2,0.000000000E0
8.305806514E2,1.000000000E0
8.306598211E2,2.000000000E0
8.306998608E2,1.000000000E0
8.308204488E2,2.000000000E0
8.308998698E2,1.000000000E0
8.310605403E2,2.000000000E0
8.311798714E2,3.000000000E0
8.312198299E2,4.000000000E0
8.312600736E2,5.000000000E0
8.313005092E2,4.000000000E0
8.314598222E2,5.000000000E0
8.316598899E2,7.000000000E0
8.316998127E2,5.000000000E0
8.319798354E2,4.000000000E0
8.320205040E2,6.000000000E0
8.320598527E2,4.000000000E0
8.320998335E2,2.000000000E0
8.321798588E2,4.000000000E0
8.322198517E2,2.000000000E0
8.322604945E2,3.000000000E0
8.323801391E2,5.000000000E0
8.324198397E2,7.000000000E0
8.325007409E2,5.000000000E0
8.325398308E2,7.000000000E0
8.326600532E2,5.000000000E0
8.326998234E2,3.000000000E0
8.327405437E2,1.000000000E0
8.328598720E2,0.000000000E0
8.330598410E2,1.000000000E0
8.331398296E2,3.000000000E0
8.331798277E2,5.000000000E0
8.332206801E2,7.000000000E0
8.334998271E2,5.000000000E0
8.335401452E2,3.000000000E0
8.337400901E2,1.000000000E0
8.337798551E2,0.000000000E0
8.338598173E2,1.000000000E0
8.339406634E2,0.000000000E0
8.341398259E2,1.000000000E0
8.341805027E2,0.000000000E0
8.344205059E2,1.000000000E0
8.346198641E2,3.000000000E0
8.347000292E2,1.000000000E0
8.348198065E2,2.000000000E0
8.349006878E2,4.000000000E0
8.350600407E2,2.000000000E0
8.351405209E2,3.000000000E0
8.352599991E2,1.000000000E0
8.353400558E2,3.000000000E0
8.353807637E2,5.000000000E0
8.354998194E2,7.000000000E0
8.356998222E2,5.000000000E0
8.358198998E2,3.000000000E0
8.359399294E2,5.000000000E0
8.360198726E2,7.000000000E0
8.362198977E2,6.000000000E0
8.363001119E2,7.000000000E0
8.370605882E2,5.000000000E0
8.372198827E2,3.000000000E0
8.372599341E2,5.000000000E0
8.373008390E2,3.000000000E0
8.374599224E2,1.000000000E0
8.374998953E2,0.000000000E0
8.377000957E2,1.000000000E0
8.377401174E2,0.000000000E0
8.377807689E2,1.000000000E0
8.378600901E2,3.000000000E0
8.378999387E2,5.000000000E0
8.379399337E2,3.000000000E0
8.379801239E2,5.000000000E0
8.380206055E2,3.000000000E0
8.380600880E2,5.000000000E0
8.380998614E2,3.000000000E0
8.381399396E2,5.000000000E0
8.381798805E2,3.000000000E0
8.382198704E2,1.000000000E0
8.382998926E2,0.000000000E0
8.383400787E2,1.000000000E0
8.384199021E2,3.000000000E0
8.384598917E2,1.000000000E0
8.385005301E2,3.000000000E0
8.386598928E2,2.000000000E0
8.387405901E2,0.000000000E0
8.392602110E2,1.000000000E0
8.392998788E2,3.000000000E0
8.393798849E2,5.000000000E0
8.395001116E2,3.000000000E0
8.395398877E2,2.000000000E0
8.395799114E2,0.000000000E0
8.400199104E2,1.000000000E0
8.400998639E2,0.000000000E0
8.412599167E2,2.000000000E0
8.412999102E2,4.000000000E0
8.413401773E2,5.000000000E0
8.413808351E2,7.000000000E0
8.415799403E2,5.000000000E0
8.416206271E2,3.000000000E0
8.416599631E2,2.000000000E0
8.417799551E2,3.000000000E0
8.418606231E2,2.000000000E0
8.419398924E2,3.000000000E0
8.420199443E2,2.000000000E0
8.421007735E2,0.000000000E0
8.423405997E2,1.000000000E0
8.424199302E2,3.000000000E0
8.424599797E2,5.000000000E0
8.424999197E2,3.000000000E0
8.425400907E2,5.000000000E0
8.426199293E2,7.000000000E0
8.427399256E2,5.000000000E0
8.427799317E2,3.000000000E0
8.428599228E2,2.000000000E0
8.428999597E2,1.000000000E0
8.429401449E2,0.000000000E0
8.434199452E2,1.000000000E0
8.436199391E2,0.000000000E0
8.436600982E2,1.000000000E0
8.436999517E2,3.000000000E0
8.437399804E2,1.000000000E0
8.437807724E2,3.000000000E0
8.438999551E2,1.000000000E0
8.439399049E2,3.000000000E0
8.440599373E2,5.000000000E0
8.440999378E2,3.000000000E0
8.441400981E2,5.000000000E0
8.442605794E2,3.000000000E0
8.443401961E2,2.000000000E0
8.444200741E2,4.000000000E0
8.445005705E2,5.000000000E0
8.445398877E2,7.000000000E0
8.448199330E2,5.000000000E0
8.448599779E2,3.000000000E0
8.449001841E2,1.000000000E0
8.449808367E2,3.000000000E0
8.450201074E2,1.000000000E0
8.450599178E2,3.000000000E0
8.450999499E2,1.000000000E0
8.452601684E2,0.000000000E0
8.454199253E2,1.000000000E0
8.454607668E2,3.000000000E0
8.454999268E2,5.000000000E0
8.455399496E2,7.000000000E0
8.458199145E2,5.000000000E0
8.458599040E2,3.000000000E0
8.458999344E2,2.000000000E0
8.459406252E2,4.000000000E0
8.460599009E2,3.000000000E0
8.460998961E2,1.000000000E0
8.461399224E2,3.000000000E0
8.463001730E2,4.000000000E0
8.463399357E2,3.000000000E0
8.463798744E2,2.000000000E0
8.464208240E2,3.000000000E0
8.464598941E2,1.000000000E0
8.464998761E2,3.000000000E0
8.467000895E2,5.000000000E0
8.467398957E2,4.000000000E0
8.468199056E2,2.000000000E0
8.468599107E2,4.000000000E0
8.469400581E2,2.000000000E0
8.470598985E2,3.000000000E0
8.471001641E2,5.000000000E0
8.472198997E2,3.000000000E0
8.473001828E2,5.000000000E0
8.473399517E2,3.000000000E0
8.474199246E2,1.000000000E0
8.475001474E2,0.000000000E0
8.487801624E2,1.000000000E0
8.488206271E2,2.000000000E0
8.488598862E2,0.000000000E0
8.489001013E2,2.000000000E0
8.489801717E2,0.000000000E0
8.502605130E2,1.000000000E0
8.502998653E2,2.000000000E0
8.503400761E2,4.000000000E0
8.503799327E2,6.000000000E0
8.504199591E2,5.000000000E0
8.505005923E2,7.000000000E0
8.505399271E2,5.000000000E0
8.505798899E2,3.000000000E0
8.506199536E2,2.000000000E0
8.506999120E2,0.000000000E0
8.507407598E2,1.000000000E0
8.509805908E2,0.000000000E0
8.527003317E2,1.000000000E0
8.527405351E2,0.000000000E0
8.529011637E2,1.000000000E0
8.529803089E2,3.000000000E0
8.530603101E2,4.000000000E0
8.531005591E2,6.000000000E0
8.531409735E2,7.000000000E0
8.534203053E2,5.000000000E0
8.534604763E2,3.000000000E0
8.536604616E2,5.000000000E0
8.537005449E2,7.000000000E0
8.539403261E2,5.000000000E0
8.540203108E2,3.000000000E0
8.541009957E2,5.000000000E0
8.541804822E2,3.000000000E0
8.542203326E2,1.000000000E0
8.542602767E2,3.000000000E0
8.543410182E2,5.000000000E0
8.543802889E2,7.000000000E0
8.544605671E2,5.000000000E0
8.545809898E2,3.000000000E0
8.546203803E2,1.000000000E0
8.546603781E2,0.000000000E0
8.549002964E2,1.000000000E0
8.549403517E2,3.000000000E0
8.551002874E2,1.000000000E0
8.551403388E2,3.000000000E0
8.552203164E2,1.000000000E0
8.553009933E2,3.000000000E0
8.553402958E2,5.000000000E0
8.553804459E2,7.000000000E0
8.555002914E2,5.000000000E0
8.555802984E2,4.000000000E0
8.556203182E2,3.000000000E0
8.557403120E2,4.000000000E0
8.559003154E2,5.000000000E0
8.559405123E2,7.000000000E0
8.559802871E2,5.000000000E0
8.562605307E2,3.000000000E0
8.562998639E2,5.000000000E0
8.563398657E2,3.000000000E0
8.564198594E2,1.000000000E0
8.564599387E2,3.000000000E0
8.566201267E2,1.000000000E0
8.566998627E2,0.000000000E0
8.570598600E2,1.000000000E0
8.571000787E2,3.000000000E0
8.571401196E2,5.000000000E0
8.571799129E2,7.000000000E0
8.573801030E2,5.000000000E0
8.574198568E2,3.000000000E0
8.574999083E2,1.000000000E0
8.575398947E2,3.000000000E0
8.576600584E2,1.000000000E0
8.577005294E2,3.000000000E0
8.577398852E2,5.000000000E0
8.578198661E2,7.000000000E0
8.579000688E2,5.000000000E0
8.579405599E2,7.000000000E0
8.580601074E2,5.000000000E0
8.581000396E2,3.000000000E0
8.581401697E2,1.000000000E0
8.582600978E2,0.000000000E0
8.583398969E2,1.000000000E0
8.584998671E2,0.000000000E0
8.594601391E2,1.000000000E0
8.596600304E2,3.000000000E0
8.598198879E2,5.000000000E0
8.599799077E2,3.000000000E0
8.600199157E2,2.000000000E0
8.602600474E2,0.000000000E0
8.603000397E2,2.000000000E0
8.605807436E2,4.000000000E0
8.606199282E2,2.000000000E0
8.606999301E2,1.000000000E0
8.608207843E2,3.000000000E0
8.608999338E2,2.000000000E0
8.609398775E2,3.000000000E0
8.609798526E2,5.000000000E0
8.610998459E2,3.000000000E0
8.611799587E2,5.000000000E0
8.612196764E2,7.000000000E0
8.612599764E2,5.000000000E0
8.613798296E2,3.000000000E0
8.614996917E2,1.000000000E0
8.615405142E2,0.000000000E0
8.618596702E2,1.000000000E0
8.618998945E2,3.000000000E0
8.619396784E2,4.000000000E0
8.619797019E2,6.000000000E0
8.620998797E2,7.000000000E0
8.622996791E2,5.000000000E0
8.623796622E2,7.000000000E0
8.624196444E2,5.000000000E0
8.624596548E2,7.000000000E0
8.630196739E2,5.000000000E0
8.630598846E2,3.000000000E0
8.630998707E2,5.000000000E0
8.631396517E2,4.000000000E0
8.632598293E2,6.000000000E0
8.632996560E2,4.000000000E0
8.634200782E2,3.000000000E0
8.634604917E2,2.000000000E0
8.634996948E2,0.000000000E0
8.638597268E2,1.000000000E0
8.638998794E2,0.000000000E0
8.645396908E2,2.000000000E0
8.645796930E2,0.000000000E0
8.647799363E2,1.000000000E0
8.649006151E2,2.000000000E0
8.649796684E2,4.000000000E0
8.650996930E2,2.000000000E0
8.651403701E2,1.000000000E0
8.652196358E2,0.000000000E0
8.656596625E2,2.000000000E0
8.657398591E2,1.000000000E0
8.657796727E2,0.000000000E0
8.676198572E2,1.000000000E0
8.677000939E2,2.000000000E0
8.677805806E2,3.000000000E0
8.678598489E2,2.000000000E0
8.679000862E2,4.000000000E0
8.679398372E2,2.000000000E0
8.679798418E2,1.000000000E0
8.680207092E2,0.000000000E0
8.685398613E2,2.000000000E0
8.685798521E2,1.000000000E0
8.687002335E2,3.000000000E0
8.687407576E2,1.000000000E0
8.687798924E2,0.000000000E0
8.688198369E2,1.000000000E0
8.691800644E2,0.000000000E0
8.692600563E2,1.000000000E0
8.692998689E2,3.000000000E0
8.693798358E2,5.000000000E0
8.694607704E2,3.000000000E0
8.695398598E2,4.000000000E0
8.695799065E2,2.000000000E0
8.696200247E2,1.000000000E0
8.696598440E2,0.000000000E0
8.699405138E2,1.000000000E0
8.700198449E2,0.000000000E0
8.702198650E2,1.000000000E0
8.704205345E2,3.000000000E0
8.705001064E2,1.000000000E0
8.705399001E2,0.000000000E0
8.706198724E2,2.000000000E0
8.706605361E2,3.000000000E0
8.707002441E2,5.000000000E0
8.707799101E2,7.000000000E0
8.711000886E2,5.000000000E0
8.711799247E2,7.000000000E0
8.712600880E2,5.000000000E0
8.713000404E2,3.000000000E0
8.713399074E2,1.000000000E0
8.713805647E2,0.000000000E0
8.714198536E2,1.000000000E0
8.714598674E2,0.000000000E0
8.721401102E2,2.000000000E0
8.722198797E2,0.000000000E0
8.722598881E2,2.000000000E0
8.723000985E2,4.000000000E0
8.723798373E2,5.000000000E0
8.724198455E2,3.000000000E0
8.724599087E2,1.000000000E0
8.726199031E2,0.000000000E0
8.730200834E2,2.000000000E0
8.730605818E2,3.000000000E0
8.731398649E2,5.000000000E0
8.732198369E2,7.000000000E0
8.733402114E2,5.000000000E0
8.733798501E2,3.000000000E0
8.734198683E2,2.000000000E0
8.734600729E2,0.000000000E0
8.737399068E2,1.000000000E0
8.740208185E2,0.000000000E0
9.038599150E2,1.000000000E0
9.039002098E2,3.000000000E0
9.040207326E2,1.000000000E0
9.041799067E2,0.000000000E0
9.048998707E2,1.000000000E0
9.050999393E2,0.000000000E0
9.082200871E2,2.000000000E0
9.083405771E2,3.000000000E0
9.084198920E2,1.000000000E0
9.084599181E2,0.000000000E0
9.088998840E2,1.000000000E0
9.089398917E2,2.000000000E0
9.091001181E2,1.000000000E0
9.091400811E2,0.000000000E0
9.100599138E2,1.000000000E0
9.101001304E2,0.000000000E0
9.101801400E2,1.000000000E0
9.102201270E2,3.000000000E0
9.102607221E2,5.000000000E0
9.103398901E2,3.000000000E0
9.104198809E2,5.000000000E0
9.105005331E2,3.000000000E0
9.105398971E2,1.000000000E0
9.105800575E2,0.000000000E0
9.123398951E2,1.000000000E0
9.125398984E2,2.000000000E0
9.125801803E2,1.000000000E0
9.126199118E2,0.000000000E0
9.127398858E2,1.000000000E0
9.128599018E2,0.000000000E0
9.130998921E2,1.000000000E0
9.131405822E2,2.000000000E0
9.132998769E2,1.000000000E0
9.133399358E2,2.000000000E0
9.133808181E2,1.000000000E0
9.134198849E2,0.000000000E0
9.146999001E2,1.000000000E0
9.148998840E2,0.000000000E0
9.154998849E2,1.000000000E0
9.157399215E2,0.000000000E0
9.160599329E2,1.000000000E0
9.160998582E2,3.000000000E0
9.162198644E2,1.000000000E0
9.163401618E2,0.000000000E0
9.166999154E2,1.000000000E0
9.168200295E2,0.000000000E0
9.168998960E2,1.000000000E0
9.170200945E2,0.000000000E0
9.183801375E2,2.000000000E0
9.184208298E2,4.000000000E0
9.184998631E2,5.000000000E0
9.185400459E2,7.000000000E0
9.186200834E2,5.000000000E0
9.186605458E2,3.000000000E0
9.186998579E2,1.000000000E0
9.188198972E2,0.000000000E0
9.189398554E2,1.000000000E0
9.189798502E2,3.000000000E0
9.190998480E2,5.000000000E0
9.191798770E2,3.000000000E0
9.192198741E2,5.000000000E0
9.192598721E2,3.000000000E0
9.192998536E2,1.000000000E0
9.194598764E2,3.000000000E0
9.195399024E2,1.000000000E0
9.197001041E2,0.000000000E0
9.208209726E2,1.000000000E0
9.209398941E2,3.000000000E0
9.209798529E2,1.000000000E0
9.210201188E2,0.000000000E0
9.214598501E2,1.000000000E0
9.215804677E2,0.000000000E0
9.216202904E2,1.000000000E0
9.216603003E2,0.000000000E0
9.217002726E2,1.000000000E0
9.217809887E2,0.000000000E0
9.219005483E2,1.000000000E0
9.219402844E2,0.000000000E0
9.221405615E2,1.000000000E0
9.221803071E2,3.000000000E0
9.223402945E2,5.000000000E0
9.224603412E2,3.000000000E0
9.225403145E2,1.000000000E0
9.227411508E2,0.000000000E0
9.231003081E2,1.000000000E0
9.231403736E2,0.000000000E0
9.231803019E2,1.000000000E0
9.233002911E2,3.000000000E0
9.233403570E2,1.000000000E0
9.234610025E2,3.000000000E0
9.235004471E2,1.000000000E0
9.235803154E2,3.000000000E0
9.236203144E2,1.000000000E0
9.236604824E2,3.000000000E0
9.239003210E2,1.000000000E0
9.239410050E2,3.000000000E0
9.239802831E2,1.000000000E0
9.241004581E2,0.000000000E0
9.241405209E2,1.000000000E0
9.242602779E2,0.000000000E0
9.243406154E2,1.000000000E0
9.243803538E2,0.000000000E0
9.247002600E2,1.000000000E0
9.247405985E2,3.000000000E0
9.247803206E2,5.000000000E0
9.249402904E2,7.000000000E0
9.250203398E2,5.000000000E0
9.252204935E2,7.000000000E0
9.258203132E2,6.000000000E0
9.259003041E2,4.000000000E0
9.261009524E2,2.000000000E0
9.261403775E2,1.000000000E0
9.262205585E2,3.000000000E0
9.262602431E2,5.000000000E0
9.263002724E2,3.000000000E0
9.263411541E2,1.000000000E0
9.264205052E2,3.000000000E0
9.265003493E2,5.000000000E0
9.265399187E2,3.000000000E0
9.265805842E2,1.000000000E0
9.266199054E2,3.000000000E0
9.266598550E2,5.000000000E0
9.267399418E2,3.000000000E0
9.268598806E2,5.000000000E0
9.268998827E2,7.000000000E0
9.269399208E2,5.000000000E0
9.271799292E2,3.000000000E0
9.273401240E2,1.000000000E0
9.274199024E2,3.000000000E0
9.274599058E2,1.000000000E0
9.275799080E2,3.000000000E0
9.276998781E2,5.000000000E0
9.277808467E2,7.000000000E0
9.281398894E2,5.000000000E0
9.283798704E2,7.000000000E0
9.285401593E2,5.000000000E0
9.286201476E2,7.000000000E0
9.286600824E2,5.000000000E0
9.286998729E2,3.000000000E0
9.288201326E2,1.000000000E0
9.288600571E2,3.000000000E0
9.288999184E2,1.000000000E0
9.289398781E2,0.000000000E0
9.289807769E2,1.000000000E0
9.290201221E2,3.000000000E0
9.290999012E2,5.000000000E0
9.291398790E2,7.000000000E0
9.291798836E2,5.000000000E0
9.292205824E2,7.000000000E0
9.297799064E2,5.000000000E0
9.300598981E2,7.000000000E0
9.309005464E2,5.000000000E0
9.310598799E2,3.000000000E0
9.311407018E2,5.000000000E0
9.311798993E2,7.000000000E0
9.312599375E2,5.000000000E0
9.313807243E2,7.000000000E0
9.314198778E2,5.000000000E0
9.314599077E2,3.000000000E0
9.315000714E2,1.000000000E0
9.315398596E2,3.000000000E0
9.315800933E2,5.000000000E0
9.316205714E2,4.000000000E0
9.317802338E2,6.000000000E0
9.318198801E2,7.000000000E0
9.320199170E2,5.000000000E0
9.320599295E2,7.000000000E0
9.321798966E2,5.000000000E0
9.322598766E2,7.000000000E0
9.323003437E2,5.000000000E0
9.323408010E2,7.000000000E0
9.324198754E2,5.000000000E0
9.324998837E2,7.000000000E0
9.325806603E2,5.000000000E0
9.326199698E2,7.000000000E0
9.326999053E2,5.000000000E0
9.327398920E2,7.000000000E0
9.327801191E2,5.000000000E0
9.328205464E2,3.000000000E0
9.328999358E2,5.000000000E0
9.330201535E2,7.000000000E0
9.332598868E2,5.000000000E0
9.333008277E2,3.000000000E0
9.333399244E2,1.000000000E0
9.334599111E2,2.000000000E0
9.335001781E2,4.000000000E0
9.335406363E2,2.000000000E0
9.335797960E2,4.000000000E0
9.336201569E2,6.000000000E0
9.336602311E2,7.000000000E0
9.340999111E2,5.000000000E0
9.343401323E2,7.000000000E0
9.436998723E2,5.000000000E0
9.437399431E2,3.000000000E0
9.437801384E2,1.000000000E0
9.438606074E2,0.000000000E0
9.504199751E2,1.000000000E0
9.505804687E2,0.000000000E0
9.514599573E2,1.000000000E0
9.516197855E2,0.000000000E0
9.587407843E2,1.000000000E0
9.588598707E2,3.000000000E0
9.588998612E2,1.000000000E0
9.589398495E2,0.000000000E0
9.613805341E2,1.000000000E0
9.614199165E2,3.000000000E0
9.616205873E2,1.000000000E0
9.616600267E2,0.000000000E0
9.625805382E2,1.000000000E0
9.626598262E2,0.000000000E0
9.630607767E2,1.000000000E0
9.630998721E2,3.000000000E0
9.632598666E2,1.000000000E0
9.633006265E2,2.000000000E0
9.633398660E2,1.000000000E0
9.633798742E2,0.000000000E0
9.671403148E2,1.000000000E0
9.671796747E2,0.000000000E0
9.672998184E2,1.000000000E0
9.673805375E2,3.000000000E0
9.674197808E2,1.000000000E0
9.674596061E2,0.000000000E0
9.709396052E2,1.000000000E0
9.710996704E2,0.000000000E0
9.730199959E2,1.000000000E0
9.730597314E2,3.000000000E0
9.733397491E2,1.000000000E0
9.734597531E2,0.000000000E0
9.744597357E2,1.000000000E0
9.744997286E2,0.000000000E0
9.746599578E2,1.000000000E0
9.746997468E2,3.000000000E0
9.747798870E2,1.000000000E0
9.750197187E2,0.000000000E0
9.751397271E2,1.000000000E0
9.753797058E2,0.000000000E0
9.759397261E2,1.000000000E0
9.760599393E2,3.000000000E0
9.760997200E2,5.000000000E0
9.761397732E2,7.000000000E0
9.762604199E2,5.000000000E0
9.762997507E2,3.000000000E0
9.763397184E2,1.000000000E0
9.763797304E2,0.000000000E0
9.768597599E2,1.000000000E0
9.770600904E2,0.000000000E0
1.041700011E3,1.000000000E0
1.041939802E3,2.000000000E0
1.042619948E3,1.000000000E0
1.043019929E3,0.000000000E0
1.043260201E3,1.000000000E0
1.044620239E3,0.000000000E0
1.045820143E3,1.000000000E0
1.046219929E3,0.000000000E0
1.046980146E3,1.000000000E0
1.047099899E3,0.000000000E0
1.047619887E3,1.000000000E0
1.047780826E3,2.000000000E0
1.047820166E3,1.000000000E0
1.047939906E3,3.000000000E0
1.047979886E3,4.000000000E0
1.048020779E3,6.000000000E0
1.048140174E3,8.000000000E0
1.048339911E3,6.000000000E0
1.048419880E3,4.000000000E0
1.048459896E3,2.000000000E0
1.048500842E3,0.000000000E0
1.048700204E3,2.000000000E0
1.048740608E3,4.000000000E0
1.048859927E3,3.000000000E0
1.048939886E3,2.000000000E0
1.048980586E3,1.000000000E0
1.049099976E3,0.000000000E0
1.049380125E3,1.000000000E0
1.049500145E3,0.000000000E0
1.063940297E3,1.000000000E0
1.064020554E3,0.000000000E0
1.065340318E3,2.000000000E0
1.065380281E3,3.000000000E0
1.065500464E3,1.000000000E0
1.065620479E3,0.000000000E0
1.065900325E3,2.000000000E0
1.066021200E3,1.000000000E0
1.066140321E3,0.000000000E0
1.066540508E3,1.000000000E0
1.066660545E3,3.000000000E0
1.066741221E3,5.000000000E0
1.066780471E3,3.000000000E0
1.066820269E3,1.000000000E0
1.066860547E3,0.000000000E0
1.067540006E3,1.000000000E0
1.067619796E3,3.000000000E0
1.067940431E3,1.000000000E0
1.067979949E3,3.000000000E0
1.068019774E3,1.000000000E0
1.068099986E3,0.000000000E0
1.068219786E3,1.000000000E0
1.068260026E3,3.000000000E0
1.068299820E3,1.000000000E0
1.068339803E3,3.000000000E0
1.068499791E3,1.000000000E0
1.068579782E3,0.000000000E0
1.069979795E3,1.000000000E0
1.070020057E3,0.000000000E0
1.070100670E3,1.000000000E0
1.070179765E3,3.000000000E0
1.070219836E3,1.000000000E0
1.070540050E3,2.000000000E0
1.070580699E3,4.000000000E0
1.070659789E3,3.000000000E0
1.070820793E3,1.000000000E0
1.070860007E3,0.000000000E0
1.071339812E3,1.000000000E0
1.071420031E3,2.000000000E0
1.071459811E3,4.000000000E0
1.071579789E3,3.000000000E0
1.071620157E3,1.000000000E0
1.071660010E3,0.000000000E0
1.072219807E3,1.000000000E0
1.072339820E3,0.000000000E0
1.072420039E3,1.000000000E0
1.072539902E3,0.000000000E0
1.073259899E3,1.000000000E0
1.073339928E3,0.000000000E0
1.075100074E3,2.000000000E0
1.075260140E3,0.000000000E0
1.075500125E3,1.000000000E0
1.075539871E3,2.000000000E0
1.075659859E3,3.000000000E0
1.075700349E3,2.000000000E0
1.075739921E3,1.000000000E0
1.075820131E3,0.000000000E0
1.076340574E3,1.000000000E0
1.076380133E3,2.000000000E0
1.076580818E3,1.000000000E0
1.076659854E3,0.000000000E0
1.081620569E3,1.000000000E0
1.081739913E3,0.000000000E0
1.082659608E3,1.000000000E0
1.082699842E3,3.000000000E0
1.082739655E3,5.000000000E0
1.082779598E3,3.000000000E0
1.082859834E3,5.000000000E0
1.082899597E3,7.000000000E0
1.082979618E3,5.000000000E0
1.083019600E3,3.000000000E0
1.083060280E3,1.000000000E0
1.083099653E3,3.000000000E0
1.083179647E3,2.000000000E0
1.083219619E3,0.000000000E0
1.083659632E3,1.000000000E0
1.083699613E3,3.000000000E0
1.083739833E3,5.000000000E0
1.083780509E3,3.000000000E0
1.083819639E3,5.000000000E0
1.083859588E3,7.000000000E0
1.083979753E3,5.000000000E0
1.084099587E3,7.000000000E0
1.084339561E3,5.000000000E0
1.084379784E3,3.000000000E0
1.084459853E3,1.000000000E0
1.084500262E3,0.000000000E0
1.085019856E3,1.000000000E0
1.085059772E3,0.000000000E0
1.085379822E3,1.000000000E0
1.085499615E3,2.000000000E0
1.085539588E3,0.000000000E0
1.085579855E3,2.000000000E0
1.085659629E3,3.000000000E0
1.085819643E3,1.000000000E0
1.085859634E3,3.000000000E0
1.085979819E3,1.000000000E0
1.086019607E3,0.000000000E0
1.086059825E3,1.000000000E0
1.086219604E3,0.000000000E0
1.086259617E3,1.000000000E0
1.086299862E3,3.000000000E0
1.086339592E3,5.000000000E0
1.086379829E3,3.000000000E0
1.086499590E3,1.000000000E0
1.086539659E3,3.000000000E0
1.086579843E3,1.000000000E0
1.086660275E3,0.000000000E0
1.086739856E3,1.000000000E0
1.086779643E3,3.000000000E0
1.086859842E3,1.000000000E0
1.086900505E3,3.000000000E0
1.087140350E3,5.000000000E0
1.087219582E3,3.000000000E0
1.087259655E3,1.000000000E0
1.087299619E3,3.000000000E0
1.087339616E3,5.000000000E0
1.087659874E3,4.000000000E0
1.087699929E3,2.000000000E0
1.087739892E3,1.000000000E0
1.087860588E3,2.000000000E0
1.087940071E3,0.000000000E0
1.087979880E3,2.000000000E0
1.088020129E3,1.000000000E0
1.088259864E3,3.000000000E0
1.088300092E3,1.000000000E0
1.088420093E3,0.000000000E0
1.088619893E3,1.000000000E0
1.088660128E3,3.000000000E0
1.088700124E3,5.000000000E0
1.088779902E3,7.000000000E0
1.089300565E3,5.000000000E0
1.089379941E3,3.000000000E0
1.089419902E3,1.000000000E0
1.089499878E3,3.000000000E0
1.089659878E3,1.000000000E0
1.089699938E3,3.000000000E0
1.089780537E3,1.000000000E0
1.090020537E3,0.000000000E0
1.091299897E3,1.000000000E0
1.091339916E3,3.000000000E0
1.091420059E3,5.000000000E0
1.091579908E3,4.000000000E0
1.091620255E3,2.000000000E0
1.091740133E3,1.000000000E0
1.091779850E3,0.000000000E0
1.092940064E3,1.000000000E0
1.092979860E3,3.000000000E0
1.093020338E3,1.000000000E0
1.093060085E3,0.000000000E0
1.097619928E3,1.000000000E0
1.097739916E3,0.000000000E0
1.097979846E3,1.000000000E0
1.098099846E3,3.000000000E0
1.098339894E3,5.000000000E0
1.098420790E3,3.000000000E0
1.098499817E3,5.000000000E0
1.098539914E3,3.000000000E0
1.098620048E3,1.000000000E0
1.098660703E3,0.000000000E0
1.098780125E3,1.000000000E0
1.098820175E3,0.000000000E0
1.099500112E3,1.000000000E0
1.099539859E3,2.000000000E0
1.099660045E3,1.000000000E0
1.099700119E3,0.000000000E0
1.100699867E3,1.000000000E0
1.100780071E3,2.000000000E0
1.100820549E3,4.000000000E0
1.100940026E3,3.000000000E0
1.101019881E3,1.000000000E0
1.101060570E3,0.000000000E0
1.101780773E3,1.000000000E0
1.101980118E3,0.000000000E0
1.102419890E3,1.000000000E0
1.102619914E3,0.000000000E0
1.102659858E3,1.000000000E0
1.102740557E3,0.000000000E0
1.102819326E3,1.000000000E0
1.102859108E3,3.000000000E0
1.102899308E3,5.000000000E0
1.102979754E3,3.000000000E0
1.103059108E3,5.000000000E0
1.103179096E3,3.000000000E0
1.103219767E3,1.000000000E0
1.103299322E3,3.000000000E0
1.103339126E3,1.000000000E0
1.103379345E3,0.000000000E0
1.106219097E3,1.000000000E0
1.106339782E3,0.000000000E0
1.107659086E3,1.000000000E0
1.107779969E3,0.000000000E0
1.108460327E3,1.000000000E0
1.108580278E3,0.000000000E0
1.113580348E3,2.000000000E0
1.113660312E3,0.000000000E0
1.113860530E3,1.000000000E0
1.113900323E3,0.000000000E0
1.113980269E3,1.000000000E0
1.114020998E3,0.000000000E0
1.114140584E3,1.000000000E0
1.114180548E3,0.000000000E0
1.174179894E3,1.000000000E0
1.174260736E3,3.000000000E0
1.174339885E3,4.000000000E0
1.174419914E3,6.000000000E0
1.174539897E3,4.000000000E0
1.174620127E3,6.000000000E0
1.174659868E3,5.000000000E0
1.174780088E3,7.000000000E0
1.174819824E3,6.000000000E0
1.174859817E3,7.000000000E0
1.174899817E3,6.000000000E0
